TIMESTAMP,T2,RRR,PE
2015-01-01,15.35595703125,1.0537691116333008,4.220955848693848
2015-01-02,16.045114517211914,0.6526932120323181,5.4530720710754395
2015-01-03,17.634292602539062,8.940696716308594e-05,5.577082633972168
2015-01-04,18.60062026977539,0.002808868885040283,6.089031219482422
2015-01-05,18.41555404663086,8.940696716308594e-05,5.7635393142700195
2015-01-06,17.45466423034668,0.050399452447891235,5.619145393371582
2015-01-07,15.973377227783203,0.5615986585617065,4.438615322113037
2015-01-08,16.73944664001465,0.03407895565032959,5.43305778503418
2015-01-09,19.00470542907715,8.940696716308594e-05,6.315634727478027
2015-01-10,18.614458084106445,0.0014491379261016846,5.957563400268555
2015-01-11,18.933143615722656,0.015046447515487671,6.330191135406494
2015-01-12,17.81231117248535,0.3535822033882141,5.335050106048584
2015-01-13,17.020097732543945,0.012326985597610474,5.328939437866211
2015-01-14,17.887184143066406,8.940696716308594e-05,5.607149124145508
2015-01-15,18.46233367919922,8.940696716308594e-05,5.248330116271973
2015-01-16,18.2595272064209,0.036794692277908325,5.389369964599609
2015-01-17,17.760528564453125,0.03407523036003113,5.207457542419434
2015-01-18,16.167699813842773,0.2244226634502411,4.445930480957031
2015-01-19,15.78593921661377,0.501774251461029,3.84867787361145
2015-01-20,16.846662521362305,0.06671249866485596,4.452977657318115
2015-01-21,17.08877944946289,8.940696716308594e-05,4.448340892791748
2015-01-22,17.906715393066406,0.0639893114566803,4.930790901184082
2015-01-23,18.61149024963379,8.940696716308594e-05,5.594376087188721
2015-01-24,18.683984756469727,8.940696716308594e-05,5.531498432159424
2015-01-25,18.943418502807617,8.940696716308594e-05,5.17794942855835
2015-01-26,18.729318618774414,0.0680685043334961,5.184664249420166
2015-01-27,18.887895584106445,0.9844303131103516,5.192893028259277
2015-01-28,18.08448028564453,0.0014491379261016846,5.09664249420166
2015-01-29,18.642641067504883,8.940696716308594e-05,5.216732025146484
2015-01-30,18.871257781982422,8.940696716308594e-05,5.13690710067749
2015-01-31,19.303613662719727,8.940696716308594e-05,5.556134223937988
2015-02-01,19.28213119506836,8.940696716308594e-05,5.311421871185303
2015-02-02,19.4781551361084,8.940696716308594e-05,5.252130508422852
2015-02-03,19.05547332763672,8.940696716308594e-05,5.075103282928467
2015-02-04,18.95258140563965,8.940696716308594e-05,5.534550189971924
2015-02-05,18.975589752197266,8.940696716308594e-05,4.975522518157959
2015-02-06,18.836706161499023,8.940696716308594e-05,5.2116379737854
2015-02-07,18.424386978149414,0.0952593982219696,4.9019951820373535
2015-02-08,16.871370315551758,0.2013072371482849,4.153471946716309
2015-02-09,14.890158653259277,1.8668025732040405,3.2733209133148193
2015-02-10,16.232473373413086,8.940696716308594e-05,4.798681259155273
2015-02-11,18.422090530395508,0.016402453184127808,5.1412811279296875
2015-02-12,19.450559616088867,8.940696716308594e-05,5.361793041229248
2015-02-13,20.230464935302734,8.940696716308594e-05,5.802952289581299
2015-02-14,18.410375595092773,0.0232011079788208,4.865235328674316
2015-02-15,17.30949592590332,8.940696716308594e-05,5.095519065856934
2015-02-16,17.273759841918945,8.940696716308594e-05,4.770534038543701
2015-02-17,17.808149337768555,0.0014491379261016846,4.907192707061768
2015-02-18,15.39339542388916,0.009607523679733276,3.7243010997772217
2015-02-19,13.358448028564453,2.239327907562256,3.9281082153320312
2015-02-20,12.81640911102295,0.8131265640258789,2.9894771575927734
2015-02-21,13.818309783935547,0.055830925703048706,3.995999336242676
2015-02-22,15.766493797302246,0.05583465099334717,4.490732192993164
2015-02-23,17.219511032104492,8.940696716308594e-05,4.784861087799072
2015-02-24,14.067721366882324,2.2665224075317383,3.023536205291748
2015-02-25,14.847119331359863,0.05311891436576843,3.6121838092803955
2015-02-26,14.678011894226074,0.3155134618282318,3.551093816757202
2015-02-27,14.976658821105957,0.059913843870162964,3.4295594692230225
2015-02-28,14.960445404052734,0.7111579179763794,3.116316556930542
2015-03-01,15.414618492126465,0.009607523679733276,4.015740871429443
2015-03-02,15.689079284667969,1.0360963344573975,3.7976181507110596
2015-03-03,15.450530052185059,8.940696716308594e-05,4.14458703994751
2015-03-04,16.58375358581543,8.940696716308594e-05,4.121226787567139
2015-03-05,17.22052764892578,8.940696716308594e-05,4.705671787261963
2015-03-06,17.39634132385254,8.940696716308594e-05,4.345192909240723
2015-03-07,16.681293487548828,0.019125640392303467,4.049167633056641
2015-03-08,17.728864669799805,8.940696716308594e-05,4.289083957672119
2015-03-09,19.422039031982422,8.940696716308594e-05,4.777497291564941
2015-03-10,19.89437484741211,8.940696716308594e-05,5.005530834197998
2015-03-11,20.1064395904541,8.940696716308594e-05,4.694202423095703
2015-03-12,18.805635452270508,8.940696716308594e-05,4.1113362312316895
2015-03-13,17.281225204467773,8.940696716308594e-05,3.6238787174224854
2015-03-14,17.350072860717773,8.940696716308594e-05,3.9845170974731445
2015-03-15,17.832605361938477,8.940696716308594e-05,4.745560646057129
2015-03-16,18.01902198791504,8.940696716308594e-05,4.480561256408691
2015-03-17,18.113428115844727,8.940696716308594e-05,4.3842597007751465
2015-03-18,18.402143478393555,8.940696716308594e-05,4.160405158996582
2015-03-19,18.01512336730957,0.0014491379261016846,3.9250385761260986
2015-03-20,19.499292373657227,8.940696716308594e-05,4.538551330566406
2015-03-21,18.955812454223633,8.940696716308594e-05,3.9893836975097656
2015-03-22,16.01387596130371,1.0388158559799194,3.388336181640625
2015-03-23,14.831836700439453,0.023204833269119263,2.4783318042755127
2015-03-24,14.873093605041504,0.45418739318847656,1.759650468826294
2015-03-25,13.74563980102539,2.3848042488098145,2.372727870941162
2015-03-26,13.985547065734863,11.706154823303223,2.219332695007324
2015-03-27,12.646453857421875,8.940696716308594e-05,2.9957005977630615
2015-03-28,14.419597625732422,8.940696716308594e-05,3.250908374786377
2015-03-29,14.827336311340332,8.940696716308594e-05,3.1464836597442627
2015-03-30,13.70260238647461,0.9028576612472534,2.1279540061950684
2015-03-31,12.779736518859863,8.940696716308594e-05,3.259047031402588
2015-04-01,13.834181785583496,8.940696716308594e-05,3.3545162677764893
2015-04-02,14.578429222106934,8.940696716308594e-05,3.281033754348755
2015-04-03,13.787833213806152,0.020481646060943604,2.974958658218384
2015-04-04,13.659897804260254,8.940696716308594e-05,2.8411028385162354
2015-04-05,14.086735725402832,8.940696716308594e-05,3.3453280925750732
2015-04-06,14.536918640136719,8.940696716308594e-05,3.4411349296569824
2015-04-07,13.480351448059082,0.2135448157787323,2.137500286102295
2015-04-08,12.91726016998291,8.940696716308594e-05,2.747661828994751
2015-04-09,14.32010555267334,8.940696716308594e-05,3.0809171199798584
2015-04-10,15.508683204650879,8.940696716308594e-05,3.409882068634033
2015-04-11,15.764289855957031,8.940696716308594e-05,3.363521099090576
2015-04-12,14.440735816955566,8.940696716308594e-05,2.997868776321411
2015-04-13,13.773482322692871,0.002808868885040283,2.7181761264801025
2015-04-14,13.373473167419434,0.26112794876098633,2.6970863342285156
2015-04-15,12.100177764892578,8.940696716308594e-05,2.1957225799560547
2015-04-16,10.37822437286377,3.457523822784424,1.510507345199585
2015-04-17,9.835762977600098,0.0055283308029174805,2.466535806655884
2015-04-18,10.633833885192871,8.940696716308594e-05,2.762737512588501
2015-04-19,9.647896766662598,8.940696716308594e-05,1.790462613105774
2015-04-20,10.701408386230469,8.940696716308594e-05,1.8962565660476685
2015-04-21,9.735758781433105,0.009607523679733276,2.3288843631744385
2015-04-22,10.562610626220703,8.940696716308594e-05,2.496025562286377
2015-04-23,11.884380340576172,8.940696716308594e-05,2.6474838256835938
2015-04-24,12.384390830993652,8.940696716308594e-05,2.88789701461792
2015-04-25,12.607832908630371,8.940696716308594e-05,2.7417690753936768
2015-04-26,12.849857330322266,0.0014491379261016846,2.311669111251831
2015-04-27,13.207679748535156,8.940696716308594e-05,2.3939311504364014
2015-04-28,11.608139991760254,8.940696716308594e-05,2.4234862327575684
2015-04-29,11.871562004089355,8.940696716308594e-05,2.3133416175842285
2015-04-30,12.424975395202637,8.940696716308594e-05,2.3985912799835205
2015-05-01,10.674324035644531,0.2475343644618988,1.600439429283142
2015-05-02,8.231555938720703,5.669564247131348,1.1414403915405273
2015-05-03,6.47292947769165,0.16052275896072388,1.8116817474365234
2015-05-04,6.303821563720703,8.940696716308594e-05,1.9329900741577148
2015-05-05,6.88406229019165,8.940696716308594e-05,1.8794329166412354
2015-05-06,7.832649230957031,8.940696716308594e-05,2.082007884979248
2015-05-07,8.7938814163208,8.940696716308594e-05,1.8677822351455688
2015-05-08,7.567783355712891,0.26112794876098633,1.5572097301483154
2015-05-09,6.94518518447876,0.8008890151977539,1.6306054592132568
2015-05-10,7.398765563964844,8.940696716308594e-05,1.9617621898651123
2015-05-11,9.15942668914795,8.940696716308594e-05,2.0578627586364746
2015-05-12,8.624774932861328,8.940696716308594e-05,1.8289936780929565
2015-05-13,7.785531520843506,8.940696716308594e-05,1.8895673751831055
2015-05-14,8.15753173828125,8.940696716308594e-05,1.8650261163711548
2015-05-15,9.140410423278809,8.940696716308594e-05,1.8035118579864502
2015-05-16,8.647953033447266,8.940696716308594e-05,2.007859468460083
2015-05-17,9.01554012298584,8.940696716308594e-05,1.8765209913253784
2015-05-18,9.3477201461792,8.940696716308594e-05,1.9214085340499878
2015-05-19,11.110248565673828,8.940696716308594e-05,2.127882242202759
2015-05-20,9.954442024230957,8.940696716308594e-05,1.6161904335021973
2015-05-21,8.772407531738281,8.940696716308594e-05,1.3457287549972534
2015-05-22,7.707769870758057,8.940696716308594e-05,1.3569424152374268
2015-05-23,6.6061248779296875,0.2013072371482849,1.2028671503067017
2015-05-24,5.2892746925354,8.940696716308594e-05,1.4073774814605713
2015-05-25,4.5513129234313965,8.940696716308594e-05,1.4103572368621826
2015-05-26,6.986189365386963,8.940696716308594e-05,1.4548475742340088
2015-05-27,7.464383602142334,8.940696716308594e-05,1.652976155281067
2015-05-28,7.398255825042725,8.940696716308594e-05,1.3480795621871948
2015-05-29,8.337416648864746,3.031980276107788,1.2625923156738281
2015-05-30,3.9967129230499268,1.5241875648498535,1.08561110496521
2015-05-31,4.43323278427124,0.0014491379261016846,1.2646725177764893
2015-06-01,6.220207214355469,8.940696716308594e-05,1.2671116590499878
2015-06-02,8.826228141784668,0.08710101246833801,1.4371486902236938
2015-06-03,9.666912078857422,8.940696716308594e-05,1.360707402229309
2015-06-04,8.358814239501953,8.940696716308594e-05,1.3704231977462769
2015-06-05,9.297717094421387,8.940696716308594e-05,1.3818880319595337
2015-06-06,8.542686462402344,0.5412064790725708,1.0574328899383545
2015-06-07,8.34378719329834,0.3685392439365387,1.397436261177063
2015-06-08,6.820394992828369,0.002808868885040283,1.293073296546936
2015-06-09,6.230140686035156,1.127183437347412,0.8405389785766602
2015-06-10,6.527857303619385,0.9545236825942993,0.7846092581748962
2015-06-11,4.561075687408447,0.07486715912818909,1.2979648113250732
2015-06-12,2.0825626850128174,8.940696716308594e-05,1.0499610900878906
2015-06-13,1.6641298532485962,1.9415802955627441,0.6773427128791809
2015-06-14,0.8576533198356628,8.940696716308594e-05,0.9629262089729309
2015-06-15,1.9319648742675781,8.940696716308594e-05,1.2041970491409302
2015-06-16,3.0454914569854736,8.940696716308594e-05,1.100318193435669
2015-06-17,1.8142191171646118,8.940696716308594e-05,1.0655124187469482
2015-06-18,3.5101089477539062,8.940696716308594e-05,1.3633488416671753
2015-06-19,5.460506439208984,8.940696716308594e-05,1.454115629196167
2015-06-20,5.816459655761719,8.940696716308594e-05,1.4749648571014404
2015-06-21,6.021646022796631,8.940696716308594e-05,1.3808411359786987
2015-06-22,6.747216701507568,8.940696716308594e-05,1.3799018859863281
2015-06-23,4.796901702880859,8.940696716308594e-05,1.3191865682601929
2015-06-24,6.137181758880615,0.0055283308029174805,1.3403499126434326
2015-06-25,5.79498291015625,0.0626295804977417,1.2881944179534912
2015-06-26,4.214457035064697,8.940696716308594e-05,1.4942809343338013
2015-06-27,5.5263824462890625,8.940696716308594e-05,1.4693089723587036
2015-06-28,4.930183410644531,8.940696716308594e-05,1.3156323432922363
2015-06-29,3.7304916381835938,8.940696716308594e-05,1.279433012008667
2015-06-30,4.319638729095459,0.5792714357376099,1.1984474658966064
2015-07-01,4.064540863037109,0.6649271249771118,1.162115216255188
2015-07-02,4.732640743255615,2.257000684738159,1.0354076623916626
2015-07-03,3.2509372234344482,8.940696716308594e-05,1.2721045017242432
2015-07-04,2.415510892868042,8.940696716308594e-05,1.3010952472686768
2015-07-05,2.425952911376953,4.607733249664307,0.675006628036499
2015-07-06,1.949705719947815,2.394322395324707,1.0030804872512817
2015-07-07,2.781904935836792,0.057190656661987305,1.1859281063079834
2015-07-08,2.96764874458313,0.4202015697956085,1.0294784307479858
2015-07-09,5.7761359214782715,6.395593166351318,0.7602183222770691
2015-07-10,5.159989833831787,8.594043731689453,0.5722669363021851
2015-07-11,4.1315178871154785,31.64588737487793,0.41938894987106323
2015-07-12,3.6008644104003906,55.548824310302734,0.5676255226135254
2015-07-13,1.6289825439453125,15.173096656799316,0.5403898358345032
2015-07-14,-2.297701597213745,0.5140118598937988,0.7701102495193481
2015-07-15,-2.9599456787109375,0.3087148070335388,0.6734036803245544
2015-07-16,-0.9411227107048035,0.042241066694259644,0.8450185656547546
2015-07-17,0.7336298823356628,8.940696716308594e-05,0.9250558614730835
2015-07-18,0.5946578979492188,0.004168599843978882,0.9462758898735046
2015-07-19,0.9286244511604309,5.195077419281006,0.6771230101585388
2015-07-20,-2.9352405071258545,0.1442059874534607,0.8108784556388855
2015-07-21,-1.6424179077148438,0.3277510404586792,0.9161129593849182
2015-07-22,-0.24042510986328125,8.940696716308594e-05,0.991225004196167
2015-07-23,-0.7601330876350403,8.940696716308594e-05,1.0437268018722534
2015-07-24,0.8019688725471497,8.940696716308594e-05,1.1150312423706055
2015-07-25,3.7855007648468018,8.940696716308594e-05,1.042049765586853
2015-07-26,4.391716003417969,8.940696716308594e-05,1.146162986755371
2015-07-27,4.54571008682251,0.3821365535259247,0.916146457195282
2015-07-28,6.151448726654053,2.4269559383392334,0.7183970808982849
2015-07-29,5.303708553314209,0.05311518907546997,1.278299331665039
2015-07-30,3.234039306640625,0.678524374961853,1.039009928703308
2015-07-31,3.08819580078125,15.302255630493164,0.9049586653709412
2015-08-01,4.558952331542969,1.2944116592407227,0.7190269231796265
2015-08-02,4.717702388763428,12.561332702636719,0.5757403373718262
2015-08-03,4.44884729385376,0.7804930210113525,1.252250075340271
2015-08-04,7.40216064453125,8.940696716308594e-05,1.5458344221115112
2015-08-05,6.622936248779297,15.061613082885742,0.904875636100769
2015-08-06,4.125833034515381,96.2603759765625,0.6260473132133484
2015-08-07,2.4050674438476562,6.496205806732178,0.8555060625076294
2015-08-08,3.7632534503936768,25.69768524169922,0.8110361695289612
2015-08-09,3.952143430709839,12.251343727111816,0.7508193254470825
2015-08-10,3.222071409225464,11.717021942138672,0.6246000528335571
2015-08-11,0.9040057063102722,0.39164721965789795,1.14655601978302
2015-08-12,0.033606212586164474,6.509799480438232,0.9700098633766174
2015-08-13,-0.8670997619628906,0.3535859286785126,1.063987135887146
2015-08-14,-0.946814239025116,0.168677419424057,1.1626453399658203
2015-08-15,0.7281112670898438,0.11973828077316284,1.0186526775360107
2015-08-16,0.8898289799690247,0.002808868885040283,1.367275357246399
2015-08-17,1.3896713256835938,0.24209916591644287,1.4197239875793457
2015-08-18,1.88595449924469,8.940696716308594e-05,1.5274213552474976
2015-08-19,4.6652374267578125,8.940696716308594e-05,1.704741358757019
2015-08-20,6.0958404541015625,0.01640617847442627,1.6821719408035278
2015-08-21,4.94232702255249,4.648518085479736,1.2140367031097412
2015-08-22,4.4920501708984375,11.01548957824707,1.2621948719024658
2015-08-23,6.930586338043213,8.940696716308594e-05,1.5189588069915771
2015-08-24,7.034580230712891,8.940696716308594e-05,1.9547942876815796
2015-08-25,5.9344611167907715,7.121618747711182,1.1377900838851929
2015-08-26,5.3964996337890625,6.396949291229248,1.375912070274353
2015-08-27,5.236730098724365,8.940696716308594e-05,1.4054889678955078
2015-08-28,9.775238037109375,0.3685392439365387,1.8931467533111572
2015-08-29,8.015846252441406,8.940696716308594e-05,2.1607236862182617
2015-08-30,8.530548095703125,8.940696716308594e-05,2.3045413494110107
2015-08-31,9.31978702545166,8.940696716308594e-05,2.406533718109131
2015-09-01,9.281331062316895,8.940696716308594e-05,2.355945110321045
2015-09-02,8.38002872467041,8.940696716308594e-05,2.2736928462982178
2015-09-03,7.9054856300354,8.940696716308594e-05,2.2645797729492188
2015-09-04,8.238262176513672,8.940696716308594e-05,2.537679433822632
2015-09-05,7.420072078704834,8.940696716308594e-05,2.4418563842773438
2015-09-06,6.254842281341553,8.51247501373291,1.3416874408721924
2015-09-07,5.519167423248291,45.637420654296875,1.0907466411590576
2015-09-08,3.2674877643585205,1.711815595626831,1.3639192581176758
2015-09-09,4.461153507232666,17.93442726135254,0.9122333526611328
2015-09-10,3.6175854206085205,7.969994068145752,1.1644564867019653
2015-09-11,2.773076295852661,0.010967254638671875,1.9829999208450317
2015-09-12,4.2039337158203125,8.940696716308594e-05,2.1710493564605713
2015-09-13,4.962446689605713,8.940696716308594e-05,2.2243192195892334
2015-09-14,7.225414276123047,0.0014491379261016846,1.6761819124221802
2015-09-15,6.461555480957031,0.39437413215637207,1.4671775102615356
2015-09-16,4.545372009277344,1.9021481275558472,1.2674156427383423
2015-09-17,4.91601037979126,5.049590110778809,1.29903244972229
2015-09-18,4.196292877197266,1.3963841199874878,1.9249523878097534
2015-09-19,4.67016077041626,0.0014491379261016846,2.3281140327453613
2015-09-20,7.370153903961182,0.02592429518699646,2.0566177368164062
2015-09-21,6.252130031585693,4.263754844665527,1.5431171655654907
2015-09-22,5.528675079345703,3.9796009063720703,1.7750409841537476
2015-09-23,4.324227809906006,7.832679748535156,1.9441068172454834
2015-09-24,2.500826597213745,21.676015853881836,1.4971647262573242
2015-09-25,1.326428771018982,0.07758662104606628,2.2071259021759033
2015-09-26,4.5508880615234375,2.4527833461761475,1.551742672920227
2015-09-27,4.666085720062256,1.252267599105835,1.8600274324417114
2015-09-28,8.173663139343262,2.955831527709961,2.229250907897949
2015-09-29,8.072807312011719,0.6268657445907593,2.562281847000122
2015-09-30,8.669598579406738,0.8375942707061768,2.54162335395813
2015-10-01,6.318681240081787,18.21858024597168,1.351192593574524
2015-10-02,6.7376227378845215,3.980964422225952,2.842489242553711
2015-10-03,8.006336212158203,0.8838213682174683,2.5454330444335938
2015-10-04,6.248476505279541,6.335772514343262,1.3589955568313599
2015-10-05,6.466307163238525,6.255556106567383,1.1328754425048828
2015-10-06,6.262144565582275,5.256254196166992,0.9933924078941345
2015-10-07,5.0469970703125,4.615880489349365,1.6104506254196167
2015-10-08,1.9893455505371094,0.908292829990387,2.076303720474243
2015-10-09,3.4073894023895264,0.7519387006759644,2.445594310760498
2015-10-10,4.088143825531006,0.5330443382263184,2.6944451332092285
2015-10-11,5.280110836029053,0.002808868885040283,2.9097836017608643
2015-10-12,7.410478115081787,1.1149495840072632,2.5517733097076416
2015-10-13,7.932819366455078,7.307864665985107,2.346548080444336
2015-10-14,3.7074012756347656,41.9991569519043,1.946891188621521
2015-10-15,2.180445432662964,4.785846710205078,1.9776862859725952
2015-10-16,3.394404172897339,0.15236064791679382,2.3537137508392334
2015-10-17,6.252890110015869,0.002808868885040283,3.3546338081359863
2015-10-18,9.093890190124512,0.004168599843978882,3.330488443374634
2015-10-19,6.228356838226318,22.81263542175293,2.283853769302368
2015-10-20,3.9375431537628174,5.855839729309082,2.7418084144592285
2015-10-21,6.3019585609436035,0.9585991501808167,2.769920587539673
2015-10-22,6.770559787750244,0.4079677164554596,3.377817153930664
2015-10-23,9.093040466308594,0.6159842014312744,3.5671932697296143
2015-10-24,8.742693901062012,5.586638927459717,2.3097753524780273
2015-10-25,8.842183113098145,3.118980646133423,2.963153839111328
2015-10-26,9.378532409667969,2.2841989994049072,3.64640736579895
2015-10-27,11.386066436767578,0.06671249866485596,3.6241707801818848
2015-10-28,11.463737487792969,0.923242449760437,3.004030227661133
2015-10-29,10.677214622497559,2.893291473388672,3.228408098220825
2015-10-30,10.613121032714844,2.5234856605529785,3.3499014377593994
2015-10-31,11.171793937683105,1.5690550804138184,3.711815595626831
2015-11-01,10.806929588317871,0.23529306054115295,3.726506233215332
2015-11-02,8.91256332397461,0.8090473413467407,2.6310055255889893
2015-11-03,9.671244621276855,0.6907656788825989,3.05676007270813
2015-11-04,10.435019493103027,6.717812538146973,2.5120596885681152
2015-11-05,11.834041595458984,0.4813782870769501,3.8282063007354736
2015-11-06,10.990126609802246,0.4324391484260559,3.927650213241577
2015-11-07,10.820849418640137,0.4378780722618103,3.222214698791504
2015-11-08,10.407513618469238,0.35629794001579285,3.1193368434906006
2015-11-09,9.548998832702637,3.801502227783203,2.5413506031036377
2015-11-10,10.64249038696289,0.9436421394348145,3.7050347328186035
2015-11-11,11.221627235412598,2.848423957824707,3.2712461948394775
2015-11-12,9.507568359375,17.071086883544922,3.008922576904297
2015-11-13,13.446819305419922,8.940696716308594e-05,4.70137357711792
2015-11-14,14.689465522766113,0.0232011079788208,5.111900806427002
2015-11-15,13.891142845153809,3.0414907932281494,3.9687247276306152
2015-11-16,12.01689624786377,3.9796009063720703,3.3045244216918945
2015-11-17,11.55932903289795,2.636335849761963,3.0942845344543457
2015-11-18,8.58309555053711,5.57032585144043,2.5603058338165283
2015-11-19,6.7780303955078125,5.12302303314209,2.98690128326416
2015-11-20,10.289848327636719,0.002808868885040283,4.4340009689331055
2015-11-21,11.1622896194458,0.4637092351913452,3.1638166904449463
2015-11-22,11.338269233703613,0.5439258813858032,3.4789552688598633
2015-11-23,11.452621459960938,0.1510046422481537,3.9274299144744873
2015-11-24,9.773961067199707,0.5547963380813599,3.3377320766448975
2015-11-25,11.414416313171387,3.424894094467163,3.537499189376831
2015-11-26,9.835509300231934,1.8001831769943237,3.265383720397949
2015-11-27,10.531368255615234,0.32502785325050354,3.9237961769104004
2015-11-28,12.879657745361328,0.11293590068817139,4.697754859924316
2015-11-29,14.778186798095703,0.1645982265472412,5.1639556884765625
2015-11-30,13.6488618850708,0.5412064790725708,4.652759075164795
2015-12-01,13.439602851867676,0.06807222962379456,4.411693572998047
2015-12-02,11.360595703125,0.2461746335029602,3.5486063957214355
2015-12-03,12.996040344238281,0.019125640392303467,4.6006011962890625
2015-12-04,15.01766586303711,0.2923943102359772,5.097407817840576
2015-12-05,16.05088996887207,0.610541582107544,5.554537296295166
2015-12-06,15.219027519226074,0.311434268951416,4.884840488433838
2015-12-07,15.575149536132812,2.6580803394317627,4.820804119110107
2015-12-08,14.193869590759277,3.483351230621338,4.1628594398498535
2015-12-09,14.524779319763184,0.6853193044662476,4.810903549194336
2015-12-10,15.577274322509766,0.0014491379261016846,5.4381022453308105
2015-12-11,15.627949714660645,0.9817108511924744,5.3007965087890625
2015-12-12,13.583324432373047,1.0904781818389893,3.118964672088623
2015-12-13,11.7293701171875,1.4045424461364746,3.7757623195648193
2015-12-14,13.313453674316406,2.412006378173828,4.280672550201416
2015-12-15,15.439746856689453,0.029999762773513794,5.558445930480957
2015-12-16,14.097262382507324,1.1870115995407104,4.147669315338135
2015-12-17,13.363540649414062,0.3141537308692932,3.773195266723633
2015-12-18,14.532759666442871,0.357653945684433,4.926665306091309
2015-12-19,15.49586009979248,0.9164549112319946,5.46914529800415
2015-12-20,14.41119384765625,1.1761300563812256,4.844657897949219
2015-12-21,12.492804527282715,0.19858777523040771,4.097550868988037
2015-12-22,13.83307933807373,2.3752899169921875,4.709689617156982
2015-12-23,14.876914024353027,8.940696716308594e-05,4.750617980957031
2015-12-24,17.021709442138672,8.940696716308594e-05,6.178603649139404
2015-12-25,18.492124557495117,8.940696716308594e-05,6.377181529998779
2015-12-26,18.431859970092773,8.940696716308594e-05,6.32637882232666
2015-12-27,18.854196548461914,8.940696716308594e-05,6.298268795013428
2015-12-28,18.52311134338379,0.002808868885040283,5.797219753265381
2015-12-29,16.926462173461914,0.04359707236289978,5.716391563415527
2015-12-30,16.262100219726562,1.1462197303771973,4.838959693908691
2015-12-31,17.169170379638672,0.1387670636177063,5.724211692810059
2016-01-01,17.486024856567383,1.5308893918991089,5.196930885314941
2016-01-02,16.9794979095459,0.2270042896270752,5.338748931884766
2016-01-03,16.342533111572266,0.058107078075408936,4.7089691162109375
2016-01-04,16.153635025024414,0.25808438658714294,4.261087894439697
2016-01-05,15.928574562072754,0.9161196947097778,4.385634422302246
2016-01-06,18.526168823242188,1.112043857574463,4.862390041351318
2016-01-07,16.01516342163086,0.7458701729774475,3.6871848106384277
2016-01-08,14.91843032836914,2.7483179569244385,3.906881809234619
2016-01-09,15.890969276428223,1.1485182046890259,4.544378280639648
2016-01-10,16.390060424804688,0.0,5.375829219818115
2016-01-11,16.405101776123047,0.4418417811393738,4.7627339363098145
2016-01-12,15.389143943786621,0.1729615032672882,4.202791690826416
2016-01-13,17.32789421081543,0.0027045607566833496,5.854082107543945
2016-01-14,17.04026985168457,0.2540275454521179,4.838847637176514
2016-01-15,17.66876792907715,0.0,5.586289882659912
2016-01-16,19.13817596435547,0.010814517736434937,5.812492847442627
2016-01-17,20.32499885559082,0.004056841135025024,6.388059616088867
2016-01-18,20.577836990356445,0.0,6.329890251159668
2016-01-19,19.253738403320312,0.0,5.609320640563965
2016-01-20,20.13849449157715,0.0,5.544498920440674
2016-01-21,19.082868576049805,0.004056841135025024,4.835410118103027
2016-01-22,20.02968406677246,0.0,5.509008407592773
2016-01-23,18.352487564086914,0.34185871481895447,4.1659016609191895
2016-01-24,13.662968635559082,12.465998649597168,3.1560466289520264
2016-01-25,13.046092987060547,0.4283338785171509,2.959465265274048
2016-01-26,14.322155952453613,1.3376846313476562,4.193670272827148
2016-01-27,15.401965141296387,1.4795660972595215,3.656531810760498
2016-01-28,17.345930099487305,1.2039170265197754,3.900954246520996
2016-01-29,16.107648849487305,0.3337450325489044,4.173140525817871
2016-01-30,17.96622657775879,0.18106773495674133,5.706055164337158
2016-01-31,19.28801155090332,0.15944615006446838,5.1583662033081055
2016-02-01,18.096487045288086,0.11621043086051941,4.918541431427002
2016-02-02,16.43484878540039,0.6120986938476562,4.449197292327881
2016-02-03,16.992143630981445,0.27834996581077576,4.6878342628479
2016-02-04,16.435789108276367,0.9323246479034424,4.2519001960754395
2016-02-05,16.421171188354492,0.6134397983551025,4.9512834548950195
2016-02-06,17.66748809814453,0.010810792446136475,5.048489093780518
2016-02-07,17.25028419494629,0.039190053939819336,4.461122989654541
2016-02-08,17.15053367614746,0.009462237358093262,4.487868309020996
2016-02-09,19.197582244873047,0.0,5.571906089782715
2016-02-10,18.824649810791016,0.039186328649520874,4.850593090057373
2016-02-11,18.476423263549805,0.0,5.193983554840088
2016-02-12,17.820402145385742,0.22700056433677673,4.252546310424805
2016-02-13,18.10375213623047,0.0,5.008660793304443
2016-02-14,18.653701782226562,0.0,5.2281951904296875
2016-02-15,19.896085739135742,0.0,5.853562355041504
2016-02-16,17.382600784301758,0.5175061225891113,4.093537330627441
2016-02-17,17.010265350341797,0.0,4.829089164733887
2016-02-18,17.439611434936523,0.0,4.3386945724487305
2016-02-19,18.842945098876953,0.0,4.939429759979248
2016-02-20,19.976858139038086,0.0,5.800421714782715
2016-02-21,19.611879348754883,0.0,5.04392147064209
2016-02-22,19.720006942749023,0.0,4.83254861831665
2016-02-23,19.686582565307617,0.0,5.122467041015625
2016-02-24,20.05541229248047,0.0,5.167985439300537
2016-02-25,18.311710357666016,0.0189170241355896,4.391299724578857
2016-02-26,15.402047157287598,0.039186328649520874,3.7104508876800537
2016-02-27,16.20355224609375,0.0,4.482189655303955
2016-02-28,17.598506927490234,0.0,4.838369369506836
2016-02-29,17.693729400634766,0.0,4.784258842468262
2016-03-01,18.31744384765625,0.0,5.172056198120117
2016-03-02,18.2574405670166,0.0,4.944082260131836
2016-03-03,17.09189796447754,0.020273029804229736,4.305891513824463
2016-03-04,17.044111251831055,0.0,4.646536827087402
2016-03-05,17.166513442993164,0.009462237358093262,4.166898727416992
2016-03-06,14.717732429504395,0.041894614696502686,3.003676176071167
2016-03-07,13.470820426940918,0.02703070640563965,2.6053149700164795
2016-03-08,14.108463287353516,0.0,3.7132010459899902
2016-03-09,16.191755294799805,0.0,4.550640106201172
2016-03-10,17.157541275024414,0.0,4.335537910461426
2016-03-11,16.203039169311523,0.0,4.19133186340332
2016-03-12,15.638130187988281,0.1040436327457428,3.2834949493408203
2016-03-13,16.174488067626953,0.0,3.8691227436065674
2016-03-14,17.50850486755371,0.0,4.099998950958252
2016-03-15,18.195466995239258,0.0,4.185191631317139
2016-03-16,17.149761199951172,0.0,3.8527538776397705
2016-03-17,14.88415241241455,0.9161121845245361,2.530397653579712
2016-03-18,15.195799827575684,0.0,3.7137885093688965
2016-03-19,15.114340782165527,0.07567182183265686,3.580742597579956
2016-03-20,14.719615936279297,0.0,3.7573018074035645
2016-03-21,14.431477546691895,0.0,3.694269895553589
2016-03-22,15.764720916748047,0.0,4.1480607986450195
2016-03-23,15.180496215820312,0.0,3.3592352867126465
2016-03-24,14.731239318847656,0.03513693809509277,3.1027426719665527
2016-03-25,15.4077787399292,0.0,3.4828357696533203
2016-03-26,14.549944877624512,0.0,3.2604899406433105
2016-03-27,14.564305305480957,0.0,3.217028856277466
2016-03-28,15.070744514465332,0.0,3.288421392440796
2016-03-29,14.57088851928711,0.0,3.1219136714935303
2016-03-30,14.06735610961914,0.013519078493118286,2.558732509613037
2016-03-31,14.785855293273926,0.0,2.4536359310150146
2016-04-01,14.281037330627441,0.10134652256965637,1.942505121231079
2016-04-02,12.768723487854004,1.7389841079711914,2.1942946910858154
2016-04-03,11.706696510314941,1.9605792760849,1.8878324031829834
2016-04-04,12.273910522460938,0.38375332951545715,2.3954906463623047
2016-04-05,12.583157539367676,2.651017189025879,2.410609245300293
2016-04-06,10.631503105163574,3.0523388385772705,2.6036055088043213
2016-04-07,11.314537048339844,0.6701946258544922,2.0110538005828857
2016-04-08,10.30660629272461,0.29861554503440857,2.406712055206299
2016-04-09,9.538272857666016,0.2270042896270752,2.436147451400757
2016-04-10,10.220110893249512,0.0,2.749019145965576
2016-04-11,12.966346740722656,0.0,2.5663950443267822
2016-04-12,11.468476295471191,0.12972578406333923,1.4118809700012207
2016-04-13,9.29671859741211,1.475494384765625,1.7855243682861328
2016-04-14,9.80350112915039,17.73019790649414,1.314202070236206
2016-04-15,10.203529357910156,51.913658142089844,0.988224983215332
2016-04-16,11.027594566345215,53.68909454345703,1.4504719972610474
2016-04-17,9.094740867614746,86.90780639648438,1.368408441543579
2016-04-18,8.21716594696045,17.300527572631836,1.1648414134979248
2016-04-19,8.017579078674316,0.20674243569374084,2.034254312515259
2016-04-20,8.353926658630371,0.0,2.050229549407959
2016-04-21,9.234749794006348,0.0027045607566833496,2.2394988536834717
2016-04-22,8.191777229309082,3.168527126312256,1.5248322486877441
2016-04-23,8.64069652557373,30.228591918945312,1.035167932510376
2016-04-24,3.9185256958007812,50.33412170410156,0.8178051710128784
2016-04-25,2.145343780517578,1.052595615386963,1.2532496452331543
2016-04-26,1.4050394296646118,0.0,1.4780532121658325
2016-04-27,3.647740602493286,0.0,1.624342918395996
2016-04-28,7.1920599937438965,0.0,1.270851969718933
2016-04-29,8.240413665771484,0.0,1.7049522399902344
2016-04-30,7.169580936431885,0.0,1.8592448234558105
2016-05-01,7.637901306152344,10.629751205444336,1.0740718841552734
2016-05-02,7.9555230140686035,15.130531311035156,1.3059788942337036
2016-05-03,10.24712085723877,0.020269304513931274,1.928224802017212
2016-05-04,10.220963478088379,0.0,1.7672723531723022
2016-05-05,8.972766876220703,3.7009007930755615,1.0963044166564941
2016-05-06,6.801866054534912,0.12161210179328918,1.6702409982681274
2016-05-07,6.02788782119751,0.10135024785995483,1.4839715957641602
2016-05-08,6.676302433013916,0.5175173282623291,1.4668196439743042
2016-05-09,6.3890204429626465,0.01757219433784485,1.473167061805725
2016-05-10,7.2748870849609375,0.0027045607566833496,1.5729995965957642
2016-05-11,7.239415645599365,7.939539909362793,1.1840726137161255
2016-05-12,5.5009307861328125,0.08378177881240845,1.6191331148147583
2016-05-13,7.9402289390563965,0.004056841135025024,1.402609944343567
2016-05-14,6.9017014503479,11.2783203125,1.056682825088501
2016-05-15,6.940591335296631,0.7742345333099365,1.5526013374328613
2016-05-16,6.822807312011719,0.0,1.482010006904602
2016-05-17,8.094677925109863,0.9296350479125977,1.2215123176574707
2016-05-18,5.545976161956787,3.9265453815460205,1.0922971963882446
2016-05-19,6.163621425628662,9.940643310546875,1.1050406694412231
2016-05-20,6.3997931480407715,3.899529457092285,1.1562345027923584
2016-05-21,5.339212894439697,18.438209533691406,0.9622541666030884
2016-05-22,1.3065744638442993,0.0,1.3519808053970337
2016-05-23,7.2319793701171875,0.0,1.6579923629760742
2016-05-24,6.369874477386475,0.0,1.4757481813430786
2016-05-25,6.101051330566406,0.48102810978889465,1.4107301235198975
2016-05-26,4.950555324554443,0.055417418479919434,1.2888259887695312
2016-05-27,7.097096920013428,0.010810792446136475,1.2559120655059814
2016-05-28,5.94531774520874,0.3553628921508789,1.2028495073318481
2016-05-29,5.11065149307251,28.380178451538086,0.5699384808540344
2016-05-30,4.7146430015563965,6.373550891876221,0.843510627746582
2016-05-31,2.5786170959472656,4.706185340881348,0.8124314546585083
2016-06-01,2.80145001411438,2.6172659397125244,0.8412814736366272
2016-06-02,0.7327753901481628,9.835247039794922,0.7059261798858643
2016-06-03,2.5316898822784424,61.3597297668457,0.4055153429508209
2016-06-04,2.43920636177063,8.892141342163086,0.6172873973846436
2016-06-05,-1.2120424509048462,1.309316635131836,0.7833073139190674
2016-06-06,-4.012895107269287,0.0,0.6771478056907654
2016-06-07,-2.527254819869995,0.0,0.7308595776557922
2016-06-08,-1.5077871084213257,0.0,0.8026005625724792
2016-06-09,-1.5933469533920288,0.0,0.7298275232315063
2016-06-10,-1.6019808053970337,0.0,0.8645914793014526
2016-06-11,-0.7475687861442566,0.0,0.8753047585487366
2016-06-12,1.7708778381347656,2.156496047973633,0.9531959295272827
2016-06-13,4.460782527923584,11.093206405639648,0.6823115944862366
2016-06-14,2.782559633255005,3.6009178161621094,0.704190194606781
2016-06-15,1.2314414978027344,0.0027045607566833496,0.7890685200691223
2016-06-16,0.532507598400116,0.0,1.0394484996795654
2016-06-17,1.9767862558364868,0.0,0.9770075678825378
2016-06-18,1.8189964294433594,0.0,0.9321680665016174
2016-06-19,1.2342618703842163,0.0,0.8197534680366516
2016-06-20,1.9411417245864868,0.0,0.7584404945373535
2016-06-21,0.5698585510253906,0.0,0.8889473676681519
2016-06-22,1.3303323984146118,0.0,0.8620619177818298
2016-06-23,2.0965359210968018,0.0,0.8979944586753845
2016-06-24,1.9404577016830444,0.42834505438804626,0.7453551292419434
2016-06-25,1.8838754892349243,0.0,0.9147703647613525
2016-06-26,1.9207979440689087,0.3324076533317566,1.0111024379730225
2016-06-27,3.3768680095672607,0.02162531018257141,1.0662258863449097
2016-06-28,3.1929283142089844,0.0,1.0890048742294312
2016-06-29,3.475764036178589,0.0013522803783416748,0.958244264125824
2016-06-30,4.608224391937256,0.0,0.7244575619697571
2016-07-01,5.0652618408203125,0.0,1.094792366027832
2016-07-02,3.8280932903289795,4.03598690032959,0.713137686252594
2016-07-03,3.104203462600708,16.333072662353516,0.6352195739746094
2016-07-04,-0.0788167342543602,0.010810792446136475,0.8804936408996582
2016-07-05,-0.07940927892923355,0.0,0.8991075754165649
2016-07-06,0.36070379614830017,0.0,0.9407778382301331
2016-07-07,1.7000999450683594,0.0,0.9748467206954956
2016-07-08,1.8053194284439087,0.0,0.8992550373077393
2016-07-09,2.6360576152801514,0.7053203582763672,0.9032149314880371
2016-07-10,1.0591226816177368,4.830487251281738,0.6993961334228516
2016-07-11,3.4340503215789795,31.309537887573242,0.6430624723434448
2016-07-12,1.1859664916992188,1.42551589012146,0.7949180006980896
2016-07-13,2.3432986736297607,33.15254592895508,0.5609180927276611
2016-07-14,2.7728168964385986,26.450681686401367,0.8145235776901245
2016-07-15,-0.9102287292480469,0.0,0.8716316819190979
2016-07-16,-0.7470563054084778,0.0,0.8751635551452637
2016-07-17,2.3893749713897705,0.13512000441551208,0.8217506408691406
2016-07-18,0.4977213442325592,0.44995546340942383,1.037177324295044
2016-07-19,0.44652047753334045,0.008109956979751587,0.9609115719795227
2016-07-20,3.605175018310547,0.02162531018257141,1.0610930919647217
2016-07-21,2.8132476806640625,0.0,1.1415164470672607
2016-07-22,3.745952606201172,0.0,1.2699475288391113
2016-07-23,5.05517578125,4.527818202972412,0.7786018252372742
2016-07-24,4.604894161224365,3.656309127807617,0.8597735166549683
2016-07-25,3.00403094291687,46.44408416748047,0.5280293226242065
2016-07-26,0.6546528935432434,0.039186328649520874,1.0274066925048828
2016-07-27,5.2470703125,0.0,1.248793125152588
2016-07-28,3.8322792053222656,0.0,1.2269909381866455
2016-07-29,2.498265504837036,0.0,1.2588975429534912
2016-07-30,2.107558012008667,0.0013522803783416748,1.18405282497406
2016-07-31,4.52044153213501,7.3612589836120605,0.8692806959152222
2016-08-01,3.3848178386688232,0.12025609612464905,1.3443348407745361
2016-08-02,4.128709316253662,0.0,1.3990658521652222
2016-08-03,4.82174825668335,0.0,1.1971827745437622
2016-08-04,3.648942232131958,0.0,1.3542823791503906
2016-08-05,3.1463444232940674,0.0,1.3543628454208374
2016-08-06,3.1936123371124268,0.0,1.4218789339065552
2016-08-07,3.902881622314453,0.11755526065826416,1.3308638334274292
2016-08-08,3.4776458740234375,0.0,1.5405484437942505
2016-08-09,3.4801228046417236,0.0,1.5475876331329346
2016-08-10,5.116802215576172,0.0,1.7258373498916626
2016-08-11,6.183621883392334,0.004056841135025024,1.5121605396270752
2016-08-12,5.445972442626953,0.0,1.4759554862976074
2016-08-13,8.008094787597656,0.4621073603630066,1.651827096939087
2016-08-14,6.499623775482178,5.4141950607299805,1.2848607301712036
2016-08-15,8.73044490814209,6.295159339904785,1.5739785432815552
2016-08-16,8.00766372680664,2.192988872528076,1.3837445974349976
2016-08-17,6.343634128570557,0.7661468982696533,1.1479496955871582
2016-08-18,3.5360233783721924,0.23781880736351013,1.3839197158813477
2016-08-19,1.9622548818588257,1.840334415435791,1.004774570465088
2016-08-20,0.7764511108398438,0.26078522205352783,1.356062650680542
2016-08-21,3.6495323181152344,0.0,1.8480658531188965
2016-08-22,5.919500827789307,0.0,2.0716452598571777
2016-08-23,6.012929439544678,0.0,1.8519659042358398
2016-08-24,6.285682678222656,0.014867633581161499,1.7001733779907227
2016-08-25,6.052846431732178,0.025682151317596436,1.8211442232131958
2016-08-26,4.9365410804748535,0.32836198806762695,1.5315245389938354
2016-08-27,4.080331325531006,3.668468475341797,1.1178556680679321
2016-08-28,4.2069220542907715,0.6796717643737793,1.6285640001296997
2016-08-29,3.755526304244995,0.0,2.0331740379333496
2016-08-30,7.238474369049072,0.12025982141494751,2.26094388961792
2016-08-31,6.974269866943359,8.151695251464844,1.0681127309799194
2016-09-01,4.331541538238525,2.6078076362609863,1.4056915044784546
2016-09-02,3.41986083984375,0.41076913475990295,1.7482043504714966
2016-09-03,3.3549067974090576,0.0,1.5014336109161377
2016-09-04,3.6496212482452393,0.07026642560958862,1.549155354499817
2016-09-05,4.368554592132568,0.0,2.103515386581421
2016-09-06,6.685447692871094,0.0,2.6287829875946045
2016-09-07,8.232635498046875,0.0,2.6664607524871826
2016-09-08,8.70403003692627,0.0,2.6048855781555176
2016-09-09,11.662674903869629,0.0,2.825076103210449
2016-09-10,10.812541961669922,0.0,2.7067856788635254
2016-09-11,9.380827903747559,0.7985644340515137,1.8445219993591309
2016-09-12,6.108917236328125,5.9844069480896,1.506068468093872
2016-09-13,6.853834629058838,0.020269304513931274,2.6410138607025146
2016-09-14,8.221182823181152,0.0,2.3630049228668213
2016-09-15,9.107562065124512,0.0,2.4368960857391357
2016-09-16,9.036274909973145,5.249347686767578,2.0924136638641357
2016-09-17,9.578357696533203,0.032436102628707886,2.182015895843506
2016-09-18,10.968017578125,0.004056841135025024,3.357605457305908
2016-09-19,11.662506103515625,0.0,3.449117660522461
2016-09-20,12.693511009216309,0.0,3.4583539962768555
2016-09-21,11.25093936920166,0.0027045607566833496,3.054717779159546
2016-09-22,11.722081184387207,0.0,3.3792808055877686
2016-09-23,12.076972961425781,0.06621330976486206,2.782768487930298
2016-09-24,10.427639961242676,0.0,3.7112090587615967
2016-09-25,10.987076759338379,0.0,2.9952828884124756
2016-09-26,11.85490894317627,0.0,3.2952003479003906
2016-09-27,12.29314136505127,0.0,3.6458675861358643
2016-09-28,11.704898834228516,0.0,3.1049282550811768
2016-09-29,8.522738456726074,3.2779910564422607,2.1025373935699463
2016-09-30,9.458267211914062,1.2606606483459473,2.9585630893707275
2016-10-01,10.684412956237793,0.006761401891708374,2.9454498291015625
2016-10-02,11.501809120178223,0.0,3.738570213317871
2016-10-03,11.643783569335938,0.966101884841919,3.389686346054077
2016-10-04,10.536538124084473,8.06657600402832,2.2429580688476562
2016-10-05,11.29598617553711,0.0,3.5943655967712402
2016-10-06,11.352826118469238,0.8661150932312012,2.7595632076263428
2016-10-07,10.634150505065918,3.548227310180664,2.84403657913208
2016-10-08,9.796577453613281,0.022973865270614624,3.3959367275238037
2016-10-09,11.547028541564941,0.3472566604614258,3.6343469619750977
2016-10-10,11.437618255615234,1.498471975326538,3.2433040142059326
2016-10-11,10.569964408874512,1.1525638103485107,2.7993292808532715
2016-10-12,9.25329875946045,3.113135814666748,1.582892894744873
2016-10-13,10.675265312194824,1.8484294414520264,2.9985713958740234
2016-10-14,9.858463287353516,1.293096661567688,2.652683973312378
2016-10-15,8.353413581848145,13.906344413757324,2.0884084701538086
2016-10-16,5.317329406738281,32.71746063232422,1.415519118309021
2016-10-17,4.889183044433594,4.700776100158691,1.7955873012542725
2016-10-18,3.0223186016082764,10.214942932128906,1.5955407619476318
2016-10-19,3.0149662494659424,0.2594366669654846,2.567181348800659
2016-10-20,6.675107479095459,0.02703070640563965,3.2751400470733643
2016-10-21,8.126986503601074,0.0,3.916003704071045
2016-10-22,9.901203155517578,2.3902504444122314,2.7845258712768555
2016-10-23,8.29529094696045,7.339615345001221,2.4956157207489014
2016-10-24,6.807334899902344,5.773622512817383,2.1359190940856934
2016-10-25,7.810728549957275,0.10809674859046936,3.6146349906921387
2016-10-26,12.659058570861816,0.0,4.712113857269287
2016-10-27,15.231266975402832,0.0,4.921332836151123
2016-10-28,13.029766082763672,0.058103352785110474,4.072490692138672
2016-10-29,13.016430854797363,1.9146353006362915,3.3599050045013428
2016-10-30,11.099136352539062,12.333579063415527,2.7558906078338623
2016-10-31,7.482933044433594,1.3471394777297974,2.6975715160369873
2016-11-01,6.621083736419678,5.618229389190674,2.771000862121582
2016-11-02,9.616480827331543,0.0,3.7635464668273926
2016-11-03,13.7957124710083,0.0,4.904135227203369
2016-11-04,17.032577514648438,0.0,5.39070463180542
2016-11-05,16.84880256652832,0.0094585120677948,5.075121879577637
2016-11-06,16.006101608276367,0.6026290655136108,4.467978477478027
2016-11-07,15.138615608215332,0.0,4.864951133728027
2016-11-08,14.494217872619629,0.9106993675231934,4.246819972991943
2016-11-09,14.556273460388184,2.0078606605529785,4.494140148162842
2016-11-10,14.69277572631836,0.006757676601409912,4.699761390686035
2016-11-11,14.382499694824219,0.08918344974517822,4.523055076599121
2016-11-12,12.92583179473877,0.020273029804229736,4.29013729095459
2016-11-13,12.81317138671875,2.794250965118408,3.6820290088653564
2016-11-14,12.141594886779785,0.8485503196716309,3.7542591094970703
2016-11-15,13.324488639831543,0.21214410662651062,4.341002941131592
2016-11-16,13.41543197631836,0.2607889473438263,3.7744619846343994
2016-11-17,14.371304512023926,0.0,5.63670539855957
2016-11-18,15.731472969055176,0.0,5.086356163024902
2016-11-19,14.05324935913086,0.9971782565116882,4.309617519378662
2016-11-20,11.900554656982422,1.9524693489074707,3.265608787536621
2016-11-21,12.149798393249512,0.7485784292221069,3.990398645401001
2016-11-22,11.833968162536621,1.4727935791015625,3.673234462738037
2016-11-23,11.224442481994629,12.014705657958984,2.76971173286438
2016-11-24,12.995323181152344,0.36617740988731384,4.356141090393066
2016-11-25,12.050304412841797,3.207709550857544,3.658046007156372
2016-11-26,12.212027549743652,3.1915194988250732,3.318443775177002
2016-11-27,11.303165435791016,2.7131848335266113,3.2450528144836426
2016-11-28,14.159324645996094,0.013519078493118286,5.193299293518066
2016-11-29,16.283727645874023,0.37293508648872375,6.023783206939697
2016-11-30,15.829941749572754,0.2540387213230133,4.98892068862915
2016-12-01,15.929683685302734,0.21754950284957886,4.778074741363525
2016-12-02,15.802501678466797,0.05134940147399902,5.125150680541992
2016-12-03,15.961487770080566,1.140400767326355,4.722012519836426
2016-12-04,13.347479820251465,1.9362568855285645,3.404073476791382
2016-12-05,13.805885314941406,0.5350821018218994,3.7914321422576904
2016-12-06,14.903304100036621,0.1054033637046814,4.616833209991455
2016-12-07,13.488858222961426,0.8958466053009033,3.981125831604004
2016-12-08,13.142594337463379,8.02600383758545,4.120087146759033
2016-12-09,10.318833351135254,13.572614669799805,2.5856330394744873
2016-12-10,11.677550315856934,2.3199877738952637,3.8121771812438965
2016-12-11,15.635907173156738,0.14594197273254395,5.154003620147705
2016-12-12,16.254926681518555,2.357818126678467,4.522609710693359
2016-12-13,16.30210304260254,0.0,5.593931198120117
2016-12-14,18.150592803955078,0.0,6.2450456619262695
2016-12-15,17.138479232788086,0.0,5.575923442840576
2016-12-16,16.676916122436523,1.357950210571289,4.365335464477539
2016-12-17,15.187847137451172,1.5795379877090454,4.415292263031006
2016-12-18,15.861821174621582,0.051353126764297485,5.156416893005371
2016-12-19,17.216773986816406,0.0,5.8256611824035645
2016-12-20,16.92146110534668,0.11485815048217773,5.081140518188477
2016-12-21,15.63514232635498,1.3511888980865479,4.571643829345703
2016-12-22,14.72474193572998,1.8430203199386597,4.29189920425415
2016-12-23,14.542508125305176,0.13647601008415222,4.854316234588623
2016-12-24,14.875691413879395,2.31052565574646,4.84708309173584
2016-12-25,11.738917350769043,5.3385419845581055,3.2964816093444824
2016-12-26,9.626228332519531,12.84298324584961,2.6131834983825684
2016-12-27,13.93230152130127,0.0283755362033844,5.816425800323486
2016-12-28,16.910945892333984,0.010810792446136475,5.6771111488342285
2016-12-29,16.078075408935547,0.13107061386108398,4.443367004394531
2016-12-30,16.771364212036133,0.1675523817539215,4.913311004638672
2016-12-31,16.129697799682617,1.3538970947265625,4.2827677726745605
2017-01-01,16.762460708618164,0.0035315752029418945,5.450322151184082
2017-01-02,17.183547973632812,0.10003149509429932,5.374309062957764
2017-01-03,16.458986282348633,0.024713575839996338,4.707703590393066
2017-01-04,16.255279541015625,0.09767711162567139,5.135293006896973
2017-01-05,17.217966079711914,0.0,5.72503662109375
2017-01-06,17.344249725341797,0.0,5.246242523193359
2017-01-07,17.419374465942383,0.1117996871471405,5.101033687591553
2017-01-08,17.06304359436035,1.706454873085022,4.793498992919922
2017-01-09,16.17064094543457,0.3365762531757355,4.425204753875732
2017-01-10,16.968544006347656,1.7958916425704956,4.386405944824219
2017-01-11,18.098894119262695,0.004708766937255859,5.984071254730225
2017-01-12,19.389955520629883,0.0,5.863801002502441
2017-01-13,20.585403442382812,0.0,6.00354528427124
2017-01-14,18.85618019104004,0.0,5.44370698928833
2017-01-15,18.007539749145508,0.0,5.331034183502197
2017-01-16,18.171049118041992,0.0,5.433477878570557
2017-01-17,19.51921272277832,0.0,6.2648210525512695
2017-01-18,20.27878761291504,0.0,6.444652080535889
2017-01-19,20.222190856933594,0.0,6.182292461395264
2017-01-20,22.160985946655273,0.0,6.703677177429199
2017-01-21,21.99586296081543,0.0,5.898820400238037
2017-01-22,19.783344268798828,0.047072768211364746,5.179764747619629
2017-01-23,18.21064567565918,0.6555132865905762,4.895273208618164
2017-01-24,19.068723678588867,0.0,5.491929531097412
2017-01-25,21.0915584564209,0.0,6.073436260223389
2017-01-26,21.567724227905273,0.0,6.048463344573975
2017-01-27,20.651182174682617,0.0,5.374868869781494
2017-01-28,20.546567916870117,0.0,5.0083112716674805
2017-01-29,20.155479431152344,0.049427151679992676,4.7198286056518555
2017-01-30,19.471113204956055,0.09296834468841553,4.423396110534668
2017-01-31,19.150983810424805,0.42601674795150757,4.885692596435547
2017-02-01,18.374919891357422,0.012945383787155151,5.171448230743408
2017-02-02,16.78489112854004,0.2483166754245758,4.274280071258545
2017-02-03,14.188843727111816,0.5095824599266052,3.618852376937866
2017-02-04,13.06944751739502,6.985865592956543,2.6335885524749756
2017-02-05,15.58553409576416,0.007059425115585327,5.3522772789001465
2017-02-06,17.61109733581543,0.0,5.055783748626709
2017-02-07,16.54949378967285,0.6496273279190063,4.418202877044678
2017-02-08,15.63448429107666,0.036481767892837524,4.260262489318848
2017-02-09,15.982657432556152,0.0,4.321423053741455
2017-02-10,16.397459030151367,0.0023543834686279297,4.1079583168029785
2017-02-11,16.692434310913086,0.0,4.971472263336182
2017-02-12,17.85508155822754,0.0,5.307462215423584
2017-02-13,18.239206314086914,0.5060508847236633,4.3239426612854
2017-02-14,16.98757553100586,0.027067959308624268,4.177979946136475
2017-02-15,16.669063568115234,0.44367462396621704,3.9731812477111816
2017-02-16,15.907024383544922,0.6025545597076416,4.100392818450928
2017-02-17,14.821795463562012,1.1945180892944336,3.6161253452301025
2017-02-18,15.791107177734375,0.0,4.25607967376709
2017-02-19,17.78343963623047,0.0,4.761190891265869
2017-02-20,18.978044509887695,0.0,4.985021591186523
2017-02-21,19.75104331970215,0.0,4.917464256286621
2017-02-22,20.3204288482666,0.24596601724624634,4.711831092834473
2017-02-23,19.7956600189209,0.0,4.186943531036377
2017-02-24,19.754785537719727,0.011768192052841187,3.7376394271850586
2017-02-25,17.563077926635742,10.1740140914917,3.1996328830718994
2017-02-26,16.999391555786133,5.8843231201171875,2.8803179264068604
2017-02-27,16.80350685119629,3.2822749614715576,3.7783403396606445
2017-02-28,17.16604232788086,1.083884358406067,3.760772466659546
2017-03-01,16.866649627685547,1.9112303256988525,3.5397861003875732
2017-03-02,15.638138771057129,3.978963851928711,2.9915449619293213
2017-03-03,14.974934577941895,3.521174192428589,2.830902099609375
2017-03-04,13.38150691986084,4.661556243896484,3.2008121013641357
2017-03-05,14.49783992767334,0.4507414996623993,3.907968282699585
2017-03-06,16.316728591918945,0.0,4.400934219360352
2017-03-07,16.62852668762207,0.0,3.9327855110168457
2017-03-08,14.601435661315918,0.8520520925521851,3.180769920349121
2017-03-09,13.049224853515625,0.1741759479045868,2.7366180419921875
2017-03-10,13.475584983825684,0.0,3.9081625938415527
2017-03-11,13.196075439453125,0.0,3.338836193084717
2017-03-12,15.447861671447754,0.0,4.6834492683410645
2017-03-13,16.218908309936523,0.0,4.170516490936279
2017-03-14,14.690238952636719,0.0023543834686279297,2.635657548904419
2017-03-15,13.929137229919434,0.0,3.708789825439453
2017-03-16,14.584355354309082,0.0,3.686316967010498
2017-03-17,14.706900596618652,0.08002668619155884,3.6931769847869873
2017-03-18,15.925803184509277,0.0,3.916092872619629
2017-03-19,15.375031471252441,0.05413219332695007,3.042778730392456
2017-03-20,14.006722450256348,0.6449259519577026,2.6855075359344482
2017-03-21,14.305270195007324,0.12239068746566772,3.4931845664978027
2017-03-22,14.764853477478027,0.022359192371368408,3.294102907180786
2017-03-23,15.240589141845703,0.0,3.355757236480713
2017-03-24,13.743366241455078,0.15652179718017578,2.188197135925293
2017-03-25,13.760781288146973,0.5083978176116943,2.8168795108795166
2017-03-26,13.3575439453125,0.0,3.049306869506836
2017-03-27,14.983176231384277,0.0,3.3158867359161377
2017-03-28,14.864203453063965,0.0,3.2065186500549316
2017-03-29,12.002238273620605,1.966536045074463,2.0225799083709717
2017-03-30,11.88206958770752,0.016476958990097046,2.67771053314209
2017-03-31,12.827929496765137,0.0,2.840163469314575
2017-04-01,11.755278587341309,0.21654367446899414,2.201009750366211
2017-04-02,12.577229499816895,0.034127384424209595,2.7958338260650635
2017-04-03,13.1487398147583,0.0,2.919926643371582
2017-04-04,12.669437408447266,1.0768287181854248,2.2392773628234863
2017-04-05,12.88589096069336,0.0,3.0450408458709717
2017-04-06,12.915375709533691,0.0,2.870915412902832
2017-04-07,8.991217613220215,18.65333366394043,1.9767019748687744
2017-04-08,6.87268590927124,3.9977989196777344,1.6960543394088745
2017-04-09,5.848214626312256,0.025890767574310303,2.25417160987854
2017-04-10,8.448348999023438,0.0,2.7746331691741943
2017-04-11,11.192947387695312,0.0,2.9820902347564697
2017-04-12,12.800990104675293,0.0,2.9364681243896484
2017-04-13,11.57808780670166,0.09768083691596985,2.5508670806884766
2017-04-14,10.793868064880371,0.5413591861724854,2.435628652572632
2017-04-15,11.395630836486816,0.24949386715888977,2.257462739944458
2017-04-16,12.586068153381348,0.0,2.087891101837158
2017-04-17,11.5795316696167,0.0906139612197876,2.0208303928375244
2017-04-18,11.447044372558594,3.151643991470337,1.6783910989761353
2017-04-19,10.712285041809082,0.7920265197753906,1.8943225145339966
2017-04-20,11.121140480041504,43.98539733886719,1.0781879425048828
2017-04-21,12.228119850158691,3.5658998489379883,1.7833423614501953
2017-04-22,12.539498329162598,0.43896958231925964,1.9910149574279785
2017-04-23,9.918971061706543,0.45779719948768616,1.7554377317428589
2017-04-24,8.603611946105957,0.2812705934047699,1.7809948921203613
2017-04-25,6.8405609130859375,9.24074649810791,1.1796998977661133
2017-04-26,4.630582332611084,0.0,1.9051705598831177
2017-04-27,7.742057800292969,0.0,2.140437126159668
2017-04-28,8.830426216125488,0.0,2.296743869781494
2017-04-29,9.75979995727539,0.0,2.3382060527801514
2017-04-30,9.527114868164062,0.0,2.3776488304138184
2017-05-01,8.609217643737793,0.0,1.825332522392273
2017-05-02,7.959780216217041,0.0,1.681530475616455
2017-05-03,8.5779447555542,0.0,2.162302255630493
2017-05-04,9.081891059875488,0.0,2.10186505317688
2017-05-05,8.791165351867676,0.0,2.0456554889678955
2017-05-06,8.80145263671875,0.06708130240440369,1.4414398670196533
2017-05-07,7.45932149887085,15.093304634094238,1.0224502086639404
2017-05-08,8.714088439941406,11.938132286071777,1.4021668434143066
2017-05-09,8.69709300994873,0.0,1.5637797117233276
2017-05-10,7.767297267913818,2.4219751358032227,1.1424165964126587
2017-05-11,5.3172454833984375,38.08340072631836,0.7820965647697449
2017-05-12,5.596157073974609,19.916105270385742,1.070590615272522
2017-05-13,7.324535369873047,5.745448112487793,1.2328044176101685
2017-05-14,4.938817501068115,8.778240203857422,0.8802598714828491
2017-05-15,2.452648162841797,0.0,1.1998050212860107
2017-05-16,3.87304425239563,0.004708766937255859,1.160186529159546
2017-05-17,3.210355043411255,4.246127128601074,1.004201054573059
2017-05-18,2.2324562072753906,24.242267608642578,0.6382765769958496
2017-05-19,-1.0318984985351562,0.48251450061798096,0.9406054615974426
2017-05-20,-1.4652214050292969,0.0,0.9428052306175232
2017-05-21,1.3141340017318726,0.0,1.0554406642913818
2017-05-22,3.2589657306671143,0.0,0.9813170433044434
2017-05-23,3.112621307373047,6.2326788902282715,0.7126792669296265
2017-05-24,2.4766132831573486,7.679041385650635,0.6642401218414307
2017-05-25,2.9870197772979736,22.641740798950195,0.6571682691574097
2017-05-26,0.7955665588378906,0.6955265998840332,1.0075443983078003
2017-05-27,-1.256591796875,0.0,0.8459709286689758
2017-05-28,-2.053136110305786,0.0,0.8676294088363647
2017-05-29,1.2376480102539062,0.0,1.040726900100708
2017-05-30,0.21428807079792023,0.0,0.9138345718383789
2017-05-31,1.2327194213867188,0.0,0.969865620136261
2017-06-01,1.7028427124023438,0.0,0.9421460628509521
2017-06-02,3.464452028274536,0.0,1.0115176439285278
2017-06-03,3.322021484375,0.5319379568099976,0.9694046974182129
2017-06-04,1.794629454612732,0.07178261876106262,1.0170676708221436
2017-06-05,0.6063105463981628,0.0,0.9009934067726135
2017-06-06,-1.1048978567123413,0.0,0.8574455976486206
2017-06-07,-1.3499031066894531,6.949398994445801,0.7379418611526489
2017-06-08,1.0783958435058594,13.97999382019043,0.7038761377334595
2017-06-09,-2.036221742630005,0.0,0.7982809543609619
2017-06-10,-0.6231307983398438,0.0,0.8567688465118408
2017-06-11,0.5339075922966003,0.0,0.7384287118911743
2017-06-12,-0.47322210669517517,0.0,0.7308146953582764
2017-06-13,0.8067029118537903,0.0,0.750148355960846
2017-06-14,1.7502670288085938,0.0011771917343139648,0.8029142618179321
2017-06-15,0.41628775000572205,0.0011771917343139648,0.8280156850814819
2017-06-16,3.126814603805542,29.708824157714844,0.7434330582618713
2017-06-17,2.1487464904785156,38.50236892700195,0.7660775184631348
2017-06-18,-1.8230018615722656,0.2400800585746765,0.7316521406173706
2017-06-19,-2.3476879596710205,0.1882985234260559,0.7059243321418762
2017-06-20,2.1393165588378906,0.21771714091300964,0.7190301418304443
2017-06-21,3.2516567707061768,0.0035315752029418945,0.8635456562042236
2017-06-22,3.543909788131714,14.767311096191406,0.5621261596679688
2017-06-23,4.382948398590088,4.272021293640137,0.7000522017478943
2017-06-24,5.320474147796631,0.0011771917343139648,0.7014635801315308
2017-06-25,4.698570251464844,1.4169440269470215,0.7462286353111267
2017-06-26,4.446174621582031,15.81354808807373,0.5087764859199524
2017-06-27,3.8760223388671875,3.2246038913726807,0.7795706987380981
2017-06-28,0.6512705683708191,0.0,0.9091289043426514
2017-06-29,1.349657654762268,0.0,0.9180917739868164
2017-06-30,3.683110475540161,0.0,1.0761905908584595
2017-07-01,4.082191467285156,0.0,1.0643036365509033
2017-07-02,4.214253902435303,0.0,0.9574856758117676
2017-07-03,4.663304805755615,0.05530938506126404,0.8809962272644043
2017-07-04,1.7808570861816406,18.113147735595703,0.6664441823959351
2017-07-05,-1.3697052001953125,0.062368810176849365,0.7519968152046204
2017-07-06,1.8802083730697632,2.07480788230896,0.8966765403747559
2017-07-07,3.0352070331573486,6.768152236938477,0.9187617301940918
2017-07-08,3.3270339965820312,1.541696548461914,0.8590868711471558
2017-07-09,4.417108058929443,0.9320750832557678,1.0217872858047485
2017-07-10,4.144399166107178,0.0,0.83967125415802
2017-07-11,4.38982629776001,0.0,1.1258519887924194
2017-07-12,4.066722869873047,0.010591000318527222,0.9165629744529724
2017-07-13,4.042501926422119,10.7047700881958,0.5817617774009705
2017-07-14,4.166750431060791,1.0650529861450195,0.8032236695289612
2017-07-15,-0.8168080449104309,26.470077514648438,0.735009491443634
2017-07-16,-4.008079528808594,0.9332411289215088,0.68290776014328
2017-07-17,-2.7522037029266357,0.0,0.7222715020179749
2017-07-18,0.8789380192756653,0.0,0.772509753704071
2017-07-19,0.9236399531364441,0.0,0.9937688708305359
2017-07-20,2.074559450149536,0.0,1.0956083536148071
2017-07-21,2.5376319885253906,0.0,1.1205737590789795
2017-07-22,2.83294677734375,0.015299767255783081,0.9336859583854675
2017-07-23,2.6134376525878906,10.54235553741455,0.7916332483291626
2017-07-24,4.711231231689453,2.782102584838867,0.9287200570106506
2017-07-25,1.9533754587173462,0.0,1.2091681957244873
2017-07-26,2.3448917865753174,0.0,1.124346375465393
2017-07-27,3.595409393310547,0.0,1.0892655849456787
2017-07-28,3.3704593181610107,0.0,1.1709896326065063
2017-07-29,4.114570617675781,0.0,1.2411376237869263
2017-07-30,5.0577874183654785,0.0,1.1693954467773438
2017-07-31,5.048107147216797,0.02000480890274048,1.2005282640457153
2017-08-01,3.2115402221679688,0.03294646739959717,0.9609631299972534
2017-08-02,2.6873676776885986,0.0,1.2767812013626099
2017-08-03,3.9696743488311768,0.0,1.406745195388794
2017-08-04,3.5461196899414062,0.0023543834686279297,1.1552507877349854
2017-08-05,3.856306791305542,0.21770596504211426,0.879087507724762
2017-08-06,4.233290195465088,0.04236772656440735,1.2269841432571411
2017-08-07,4.0504937171936035,0.7531866431236267,0.7776901721954346
2017-08-08,5.1707329750061035,0.5648955702781677,1.4689213037490845
2017-08-09,5.28154993057251,4.946369647979736,0.956864595413208
2017-08-10,3.3884799480438232,29.030956268310547,0.7538204789161682
2017-08-11,1.3181266784667969,25.732177734375,0.5544493198394775
2017-08-12,0.1265004426240921,0.9297206997871399,0.9845655560493469
2017-08-13,0.3658968508243561,7.989734649658203,0.8881525993347168
2017-08-14,2.2783470153808594,5.374752044677734,1.442114233970642
2017-08-15,2.2840449810028076,0.0,1.4138169288635254
2017-08-16,1.6846593618392944,0.0,1.4224690198898315
2017-08-17,2.922515869140625,0.0,1.4735941886901855
2017-08-18,2.0883281230926514,2.0959973335266113,0.9655378460884094
2017-08-19,1.9948501586914062,22.56877326965332,1.2277038097381592
2017-08-20,-1.4184011220932007,0.0,1.3755781650543213
2017-08-21,2.2803866863250732,0.0,1.5426405668258667
2017-08-22,2.814844846725464,0.4189610481262207,0.9999584555625916
2017-08-23,2.92608642578125,3.2916812896728516,1.2290056943893433
2017-08-24,1.7366663217544556,0.39071589708328247,1.357414722442627
2017-08-25,2.3201587200164795,0.39424002170562744,1.252247929573059
2017-08-26,1.3188921213150024,0.0035315752029418945,1.4550905227661133
2017-08-27,2.2344093322753906,0.3577582538127899,1.4359569549560547
2017-08-28,2.6449623107910156,8.991249084472656,0.8303077816963196
2017-08-29,2.1900532245635986,14.688469886779785,1.175215721130371
2017-08-30,2.227100372314453,0.0,1.879940152168274
2017-08-31,4.022613525390625,0.0,2.0353000164031982
2017-09-01,3.9483413696289062,0.15416741371154785,1.3875293731689453
2017-09-02,4.455603122711182,0.4801526665687561,1.6777551174163818
2017-09-03,4.3481879234313965,8.758235931396484,0.9524067044258118
2017-09-04,3.5253829956054688,0.8438080549240112,1.8427715301513672
2017-09-05,4.736047267913818,0.0,1.8472263813018799
2017-09-06,4.5017523765563965,0.007059425115585327,1.7793159484863281
2017-09-07,4.336799621582031,0.0,1.9090698957443237
2017-09-08,3.6932246685028076,0.37188827991485596,1.2374775409698486
2017-09-09,2.959994077682495,6.891712665557861,1.2334377765655518
2017-09-10,2.217501401901245,5.277052402496338,1.0636202096939087
2017-09-11,1.861676573753357,0.029422342777252197,1.7305742502212524
2017-09-12,4.879838466644287,0.47309696674346924,1.6377092599868774
2017-09-13,4.3978142738342285,2.150118350982666,1.652272343635559
2017-09-14,3.7978389263153076,0.24595484137535095,1.6919349431991577
2017-09-15,3.9044063091278076,0.0,2.2943155765533447
2017-09-16,6.707814693450928,0.0,2.8807220458984375
2017-09-17,8.299962043762207,0.0,2.7884771823883057
2017-09-18,7.013925075531006,0.0,2.459433078765869
2017-09-19,6.3186798095703125,1.9983090162277222,1.6355955600738525
2017-09-20,6.430856227874756,2.4737603664398193,1.7813053131103516
2017-09-21,5.7255859375,0.0,2.580916404724121
2017-09-22,7.461187839508057,0.0,2.8117740154266357
2017-09-23,9.110958099365234,0.0,3.0954835414886475
2017-09-24,8.365998268127441,0.09768083691596985,2.2300965785980225
2017-09-25,7.917118072509766,0.0,2.8687052726745605
2017-09-26,9.282965660095215,0.32481178641319275,2.5378212928771973
2017-09-27,9.02835464477539,0.0,2.7594079971313477
2017-09-28,9.179367065429688,0.3966018557548523,2.0037119388580322
2017-09-29,8.546591758728027,11.901643753051758,2.087409019470215
2017-09-30,5.276960849761963,31.412918090820312,1.849998116493225
2017-10-01,3.2174072265625,1.4899075031280518,1.8040438890457153
2017-10-02,3.9807217121124268,0.10238587856292725,2.054358720779419
2017-10-03,7.984597682952881,0.0047050416469573975,2.764674425125122
2017-10-04,7.758203029632568,11.881634712219238,1.9333244562149048
2017-10-05,3.7067363262176514,46.561561584472656,1.7254759073257446
2017-10-06,7.00347375869751,0.0,3.029721736907959
2017-10-07,6.3301520347595215,0.29068440198898315,2.34504771232605
2017-10-08,6.987155914306641,1.54874849319458,2.317286491394043
2017-10-09,5.823487758636475,0.04001334309577942,2.454016923904419
2017-10-10,6.1211838722229,3.5929605960845947,1.7581720352172852
2017-10-11,2.4351437091827393,10.149296760559082,1.823797345161438
2017-10-12,3.422893524169922,3.782428741455078,1.895594596862793
2017-10-13,4.183573246002197,0.0,2.942458391189575
2017-10-14,6.051920413970947,0.0,3.384000778198242
2017-10-15,7.122957706451416,0.0,3.292156457901001
2017-10-16,7.703897953033447,0.010591000318527222,2.6602580547332764
2017-10-17,7.147090911865234,0.018823891878128052,3.1181983947753906
2017-10-18,8.764144897460938,0.6355010271072388,2.4389071464538574
2017-10-19,8.916176795959473,0.0,3.7974941730499268
2017-10-20,9.493124961853027,0.5801953077316284,2.121753454208374
2017-10-21,10.1233549118042,0.07884949445724487,3.8779802322387695
2017-10-22,11.149519920349121,0.041190534830093384,3.8177742958068848
2017-10-23,11.871875762939453,1.02975594997406,3.565830945968628
2017-10-24,10.903410911560059,2.6161670684814453,3.2486109733581543
2017-10-25,11.100573539733887,0.03177672624588013,3.647481679916382
2017-10-26,10.276747703552246,1.0344610214233398,3.047344923019409
2017-10-27,10.811458587646484,0.0035315752029418945,3.6768112182617188
2017-10-28,8.531036376953125,4.931058883666992,2.73157000541687
2017-10-29,6.268712520599365,3.9201266765594482,2.019132137298584
2017-10-30,7.533510684967041,0.4166066646575928,3.3034067153930664
2017-10-31,8.236312866210938,0.08473172783851624,3.134855031967163
2017-11-01,7.871819972991943,2.552617311477661,1.9901262521743774
2017-11-02,7.78063440322876,15.705268859863281,1.6704983711242676
2017-11-03,8.55159854888916,1.4875531196594238,2.8470232486724854
2017-11-04,8.982972145080566,1.1921637058258057,2.804349660873413
2017-11-05,11.897289276123047,2.0536296367645264,3.671663522720337
2017-11-06,12.36995792388916,1.099191665649414,3.4994418621063232
2017-11-07,11.338950157165527,5.564216613769531,3.2466888427734375
2017-11-08,11.716357231140137,0.5849040746688843,3.585559368133545
2017-11-09,12.037934303283691,2.805635452270508,3.726552963256836
2017-11-10,13.763587951660156,0.27421116828918457,5.2889533042907715
2017-11-11,15.851784706115723,0.0,5.381096363067627
2017-11-12,15.20931625366211,0.06590411067008972,5.077634334564209
2017-11-13,14.808110237121582,0.554300844669342,4.560254096984863
2017-11-14,14.038421630859375,0.8626356720924377,4.1369500160217285
2017-11-15,12.053481101989746,3.7353672981262207,2.599994421005249
2017-11-16,12.206024169921875,0.02236291766166687,4.510644435882568
2017-11-17,11.851733207702637,1.3169087171554565,3.5385076999664307
2017-11-18,11.454437255859375,0.3271661698818207,4.2528910636901855
2017-11-19,12.825122833251953,1.921817660331726,4.692596435546875
2017-11-20,10.901885032653809,2.120710849761963,3.554145574569702
2017-11-21,11.853175163269043,0.0035315752029418945,4.753253936767578
2017-11-22,13.97732162475586,0.08826330304145813,5.115283966064453
2017-11-23,14.478886604309082,1.0203347206115723,4.713814735412598
2017-11-24,11.496166229248047,3.11163067817688,3.480604410171509
2017-11-25,12.847474098205566,0.13533979654312134,5.304268836975098
2017-11-26,14.843974113464355,0.2789124846458435,4.903371810913086
2017-11-27,14.258442878723145,0.7908493280410767,4.802535057067871
2017-11-28,12.762747764587402,1.26630437374115,4.161514759063721
2017-11-29,13.147978782653809,1.1933372020721436,3.894801378250122
2017-11-30,13.848910331726074,0.23772194981575012,4.653640270233154
2017-12-01,13.532608032226562,1.884158730506897,4.102075576782227
2017-12-02,12.297808647155762,0.8708760142326355,3.6503379344940186
2017-12-03,12.725356101989746,0.3095082938671112,4.189482688903809
2017-12-04,13.8849458694458,0.47545135021209717,4.586102485656738
2017-12-05,14.053803443908691,1.522857666015625,4.831521511077881
2017-12-06,14.306629180908203,0.03765895962715149,4.80715799331665
2017-12-07,15.75456714630127,0.011768192052841187,5.59406852722168
2017-12-08,15.076656341552734,0.814385712146759,4.729677677154541
2017-12-09,16.35488510131836,0.0,5.773613452911377
2017-12-10,18.10713768005371,0.0,6.342447757720947
2017-12-11,15.728985786437988,1.002687931060791,4.488287448883057
2017-12-12,14.165133476257324,1.2992546558380127,3.6434435844421387
2017-12-13,15.348177909851074,0.1800544559955597,4.65936279296875
2017-12-14,17.188901901245117,0.0,6.331543445587158
2017-12-15,18.99529457092285,0.007059425115585327,6.251603126525879
2017-12-16,16.09220314025879,0.14474987983703613,4.345640182495117
2017-12-17,17.308046340942383,0.0011771917343139648,5.7237467765808105
2017-12-18,17.13018226623535,0.015299767255783081,5.57335901260376
2017-12-19,17.621122360229492,0.0,6.112024784088135
2017-12-20,17.70763397216797,0.012945383787155151,5.019249439239502
2017-12-21,17.419801712036133,0.1788809895515442,5.537239074707031
2017-12-22,16.755489349365234,0.43543800711631775,5.283475399017334
2017-12-23,16.22791862487793,0.018827617168426514,5.088654041290283
2017-12-24,16.14820671081543,0.0,5.497036457061768
2017-12-25,17.461101531982422,0.031773000955581665,5.690755367279053
2017-12-26,16.843957901000977,1.2427642345428467,4.459079265594482
2017-12-27,16.571928024291992,0.4413239657878876,5.533079147338867
2017-12-28,18.315858840942383,0.0,6.04721212387085
2017-12-29,18.469758987426758,0.0,5.2791852951049805
2017-12-30,17.96623992919922,0.2141818404197693,5.084751605987549
2017-12-31,15.275010108947754,1.7805919647216797,3.3573999404907227
2018-01-01,14.385379791259766,3.1247997283935547,4.449137210845947
2018-01-02,15.547675132751465,0.34651532769203186,4.720989227294922
2018-01-03,16.83795738220215,0.0,5.482859134674072
2018-01-04,17.310632705688477,0.11796131730079651,4.705816268920898
2018-01-05,16.065540313720703,2.531297445297241,3.740835428237915
2018-01-06,17.929048538208008,0.0,5.782621383666992
2018-01-07,18.426485061645508,0.013511627912521362,5.462136745452881
2018-01-08,17.662572860717773,0.18430128693580627,4.728883743286133
2018-01-09,17.14328956604004,0.38460642099380493,4.766110897064209
2018-01-10,18.016508102416992,0.9068362712860107,4.804083347320557
2018-01-11,17.845674514770508,0.2531222999095917,4.777003765106201
2018-01-12,17.060163497924805,0.07495284080505371,4.712629318237305
2018-01-13,15.965316772460938,0.40426477789878845,3.803556442260742
2018-01-14,15.23050594329834,2.0729527473449707,3.6673874855041504
2018-01-15,15.16355037689209,0.29121339321136475,3.4722094535827637
2018-01-16,15.40835189819336,0.46448037028312683,4.375085353851318
2018-01-17,16.454504013061523,0.0024549663066864014,5.246767520904541
2018-01-18,18.093889236450195,0.10444223880767822,5.659524917602539
2018-01-19,18.157588958740234,2.3297815322875977,5.06441593170166
2018-01-20,16.167762756347656,0.941246747970581,3.76990008354187
2018-01-21,15.006382942199707,2.9048471450805664,2.9415645599365234
2018-01-22,15.193817138671875,0.02948939800262451,4.80355167388916
2018-01-23,16.055368423461914,0.528376579284668,4.4172892570495605
2018-01-24,16.8828182220459,0.14499202370643616,5.045243740081787
2018-01-25,16.92725944519043,0.00860169529914856,4.82638692855835
2018-01-26,16.25639533996582,0.017199665307998657,4.713430881500244
2018-01-27,17.393674850463867,0.0,5.139250755310059
2018-01-28,19.50298309326172,0.0,6.142973899841309
2018-01-29,18.983869552612305,0.0,5.199916839599609
2018-01-30,16.890905380249023,0.0,4.8438310623168945
2018-01-31,18.756162643432617,0.003684312105178833,5.309937000274658
2018-02-01,20.308504104614258,0.0,5.187054634094238
2018-02-02,19.549009323120117,0.00860169529914856,4.447832107543945
2018-02-03,18.505693435668945,0.0,4.522356033325195
2018-02-04,18.479516983032227,0.03071501851081848,4.177063941955566
2018-02-05,18.92542266845703,0.004913657903671265,3.9491615295410156
2018-02-06,18.69145965576172,0.9977668523788452,3.9933722019195557
2018-02-07,17.66149139404297,0.003684312105178833,4.494500637054443
2018-02-08,16.892736434936523,0.5062557458877563,4.007109642028809
2018-02-09,17.092763900756836,0.34774094820022583,4.193071365356445
2018-02-10,16.0113468170166,0.0,4.456412315368652
2018-02-11,16.283740997314453,0.057753175497055054,4.983342170715332
2018-02-12,17.786222457885742,0.0,5.7087578773498535
2018-02-13,18.64118194580078,0.0,5.167644500732422
2018-02-14,17.908037185668945,0.0,4.589285850524902
2018-02-15,18.337940216064453,0.0012293457984924316,4.475802421569824
2018-02-16,18.403722763061523,0.0,4.590446472167969
2018-02-17,18.047197341918945,0.08355453610420227,4.184605598449707
2018-02-18,16.72189712524414,0.7360316514968872,3.970364570617676
2018-02-19,15.585698127746582,1.9746534824371338,3.4607324600219727
2018-02-20,15.254351615905762,1.8923133611679077,3.5116329193115234
2018-02-21,16.49552345275879,0.0,4.814726829528809
2018-02-22,16.900991439819336,0.0,4.53812313079834
2018-02-23,15.96323299407959,0.27401745319366455,3.719109296798706
2018-02-24,14.60675048828125,0.7581524848937988,3.548676013946533
2018-02-25,15.547260284423828,0.0,4.294236183166504
2018-02-26,16.105648040771484,0.023346394300460815,4.19474983215332
2018-02-27,14.690461158752441,0.04792213439941406,3.2898073196411133
2018-02-28,14.496857643127441,0.237148255109787,3.5009069442749023
2018-03-01,15.837498664855957,0.009831041097640991,4.136938095092773
2018-03-02,17.170137405395508,0.06880983710289001,3.9540693759918213
2018-03-03,16.12465476989746,0.050373375415802,3.8441154956817627
2018-03-04,15.613713264465332,0.0024549663066864014,3.7137627601623535
2018-03-05,16.71205711364746,0.0,4.282974720001221
2018-03-06,16.45341682434082,0.0,4.209007740020752
2018-03-07,15.04190444946289,0.036854296922683716,2.8269455432891846
2018-03-08,15.213912010192871,0.4546456038951874,3.398192882537842
2018-03-09,15.5906982421875,0.0,3.8387765884399414
2018-03-10,14.212699890136719,0.025793910026550293,3.0573923587799072
2018-03-11,15.366827964782715,0.0,4.031664848327637
2018-03-12,15.275779724121094,0.0,3.6376593112945557
2018-03-13,14.990126609802246,0.0,3.756779670715332
2018-03-14,12.804692268371582,0.15236809849739075,3.0351271629333496
2018-03-15,14.158924102783203,0.0,4.035167694091797
2018-03-16,13.725274085998535,0.0,3.450896739959717
2018-03-17,11.632721900939941,0.30719488859176636,2.684551954269409
2018-03-18,12.52428913116455,5.798656463623047,3.054764747619629
2018-03-19,12.86755657196045,0.0,3.569326639175415
2018-03-20,13.556767463684082,0.0,3.8480260372161865
2018-03-21,14.236968994140625,0.0,3.6519336700439453
2018-03-22,13.515907287597656,0.0,3.0350873470306396
2018-03-23,13.29737377166748,0.5934946537017822,2.897003650665283
2018-03-24,13.707345008850098,0.0,3.254746913909912
2018-03-25,14.35794734954834,0.0,3.7755818367004395
2018-03-26,14.444080352783203,0.0,3.212484359741211
2018-03-27,14.308338165283203,0.0,3.6943864822387695
2018-03-28,15.219498634338379,0.0,3.5542545318603516
2018-03-29,16.043441772460938,0.0,3.8032968044281006
2018-03-30,15.9854097366333,0.0,3.508890390396118
2018-03-31,14.097973823547363,0.0,3.0884246826171875
2018-04-01,13.903786659240723,0.0,2.9947309494018555
2018-04-02,13.796061515808105,0.0,2.8279128074645996
2018-04-03,13.752036094665527,0.0,2.9839963912963867
2018-04-04,13.59278392791748,0.0,2.920992851257324
2018-04-05,13.052824974060059,0.657390832901001,2.5605552196502686
2018-04-06,11.738109588623047,3.011751890182495,1.7184945344924927
2018-04-07,11.034732818603516,0.15482306480407715,2.353924036026001
2018-04-08,11.49006175994873,0.0,2.9639410972595215
2018-04-09,10.777342796325684,0.8269660472869873,2.261132001876831
2018-04-10,10.772171020507812,1.3012661933898926,1.8427904844284058
2018-04-11,10.564061164855957,12.974780082702637,1.2778310775756836
2018-04-12,11.510238647460938,0.21748989820480347,2.776808500289917
2018-04-13,11.521495819091797,0.0,2.8022899627685547
2018-04-14,11.383171081542969,0.0,2.944490671157837
2018-04-15,11.32522201538086,0.0,3.134037733078003
2018-04-16,12.51419734954834,0.0,2.834777355194092
2018-04-17,13.77955150604248,0.0,2.537492036819458
2018-04-18,13.472302436828613,0.0,2.657987117767334
2018-04-19,12.860638618469238,0.0,2.5576891899108887
2018-04-20,11.798145294189453,0.0,2.5667359828948975
2018-04-21,12.039440155029297,0.0,2.6623194217681885
2018-04-22,12.075959205627441,0.00860169529914856,2.242276906967163
2018-04-23,11.311302185058594,0.0,2.015322208404541
2018-04-24,11.575446128845215,0.20765885710716248,1.9996473789215088
2018-04-25,12.209449768066406,0.0,2.7225492000579834
2018-04-26,12.353198051452637,0.0,2.134294271469116
2018-04-27,11.771297454833984,0.0,2.2064054012298584
2018-04-28,13.21324634552002,0.0,2.1350598335266113
2018-04-29,11.856758117675781,0.0,1.80448579788208
2018-04-30,10.90257740020752,0.0,1.7534719705581665
2018-05-01,10.003089904785156,0.0,2.0633018016815186
2018-05-02,10.70763874053955,0.007368624210357666,1.8536936044692993
2018-05-03,12.331770896911621,0.0,1.8819066286087036
2018-05-04,12.198195457458496,0.0,1.9895542860031128
2018-05-05,11.441036224365234,0.0,1.996578574180603
2018-05-06,10.517284393310547,0.03071501851081848,1.6919349431991577
2018-05-07,9.767963409423828,1.7399489879608154,1.1663943529129028
2018-05-08,9.995335578918457,0.09829923510551453,1.4405330419540405
2018-05-09,8.879570007324219,2.4723076820373535,1.1628172397613525
2018-05-10,8.6527738571167,1.7940216064453125,1.4157661199569702
2018-05-11,9.297209739685059,0.0,1.9945502281188965
2018-05-12,9.17138957977295,0.0,1.910259485244751
2018-05-13,9.228339195251465,0.018425285816192627,1.0247169733047485
2018-05-14,8.489520072937012,0.10566040873527527,1.2244843244552612
2018-05-15,8.709809303283691,0.003684312105178833,1.227452278137207
2018-05-16,10.290328979492188,6.318423748016357,1.3548705577850342
2018-05-17,8.166264533996582,1.9709653854370117,1.523019790649414
2018-05-18,6.849798679351807,0.0012293457984924316,1.5093343257904053
2018-05-19,6.8565545082092285,0.0,1.820757269859314
2018-05-20,7.558938503265381,0.0,1.6936208009719849
2018-05-21,8.830538749694824,0.0012293457984924316,1.6148004531860352
2018-05-22,6.611083984375,0.0,1.6405943632125854
2018-05-23,7.405100345611572,0.0,1.6520496606826782
2018-05-24,7.447206974029541,0.0,1.7202688455581665
2018-05-25,7.394093990325928,0.0,1.7887723445892334
2018-05-26,6.420065402984619,0.0,1.2671266794204712
2018-05-27,6.456334590911865,0.0,1.521153211593628
2018-05-28,6.879984378814697,1.7596222162246704,0.712814211845398
2018-05-29,6.117820739746094,29.171470642089844,0.7683029174804688
2018-05-30,4.379128932952881,5.0736517906188965,0.7092568874359131
2018-05-31,1.6421457529067993,1.5642307996749878,0.8120509386062622
2018-06-01,-0.9244117736816406,0.0,0.8646289110183716
2018-06-02,-2.21502947807312,0.0,0.7943962216377258
2018-06-03,-1.6287943124771118,0.29736384749412537,0.8255082368850708
2018-06-04,-2.7282230854034424,0.0024549663066864014,0.875268280506134
2018-06-05,-0.4684995114803314,2.51163911819458,0.7707658410072327
2018-06-06,2.4514198303222656,2.4612581729888916,0.924138605594635
2018-06-07,2.4841854572296143,0.0,1.0473212003707886
2018-06-08,5.0794219970703125,0.0,1.2558289766311646
2018-06-09,6.945684909820557,9.583328247070312,0.8415274024009705
2018-06-10,2.1678454875946045,34.64327621459961,0.6360508799552917
2018-06-11,-0.34342703223228455,29.8829402923584,0.5735689401626587
2018-06-12,-4.868958950042725,0.7458590269088745,0.571974515914917
2018-06-13,-6.214192867279053,0.0,0.45467689633369446
2018-06-14,-2.393204927444458,0.008597970008850098,0.5952497720718384
2018-06-15,1.6288909912109375,0.35265833139419556,0.9121559262275696
2018-06-16,1.3070474863052368,0.0,0.9436569809913635
2018-06-17,1.517578125,0.0,0.9125769138336182
2018-06-18,2.647526979446411,0.0,0.9733279347419739
2018-06-19,2.642686128616333,0.0,0.7269600629806519
2018-06-20,1.9918352365493774,0.0,0.8101251721382141
2018-06-21,0.15267181396484375,0.0,0.9610294103622437
2018-06-22,2.0208523273468018,0.0,0.879723072052002
2018-06-23,2.1070644855499268,0.1314692199230194,0.8180358409881592
2018-06-24,1.9688224792480469,6.82590913772583,0.7908356785774231
2018-06-25,0.8383776545524597,0.003684312105178833,0.8888345956802368
2018-06-26,3.009718656539917,0.10566785931587219,0.8843807578086853
2018-06-27,5.042654514312744,0.7065385580062866,1.1171609163284302
2018-06-28,4.002342224121094,6.632995128631592,0.5584595203399658
2018-06-29,3.9709904193878174,0.008597970008850098,0.9833877682685852
2018-06-30,2.285161256790161,0.0,0.7877354621887207
2018-07-01,1.0090547800064087,7.015142440795898,0.6751736402511597
2018-07-02,2.0418598651885986,4.622701644897461,0.8852300643920898
2018-07-03,2.772425413131714,3.8325860500335693,0.7667880058288574
2018-07-04,2.4610061645507812,16.253190994262695,0.588562548160553
2018-07-05,2.8007736206054688,21.53575325012207,0.5920178890228271
2018-07-06,3.1039352416992188,43.97962951660156,0.5841688513755798
2018-07-07,1.8236643075942993,1.513857364654541,0.9285796284675598
2018-07-08,3.3248062133789062,0.0,0.9411442875862122
2018-07-09,0.9004936218261719,0.0,0.915503203868866
2018-07-10,1.2977079153060913,0.0,0.9427000284194946
2018-07-11,2.5899085998535156,0.003688037395477295,0.8335900902748108
2018-07-12,2.5346271991729736,0.0,1.0608727931976318
2018-07-13,5.253851413726807,0.0,1.1553318500518799
2018-07-14,6.585154056549072,0.16096606850624084,1.0333012342453003
2018-07-15,5.9444756507873535,0.8011572360992432,0.9735130071640015
2018-07-16,4.50277853012085,0.0024549663066864014,1.0744603872299194
2018-07-17,4.1113152503967285,3.9788036346435547,0.6967716217041016
2018-07-18,1.0517412424087524,5.122803211212158,0.452963650226593
2018-07-19,-0.48175302147865295,1.2373626232147217,0.632736325263977
2018-07-20,-3.44427227973938,0.0,0.8670868873596191
2018-07-21,1.4063516855239868,0.0,1.1098517179489136
2018-07-22,1.3642476797103882,0.07371604442596436,0.8870469331741333
2018-07-23,-2.0484352111816406,0.0,0.9304863810539246
2018-07-24,-0.4037971496582031,0.0,1.039233684539795
2018-07-25,0.10398229211568832,0.0,1.0636048316955566
2018-07-26,1.0999374389648438,0.0,1.0716360807418823
2018-07-27,0.8397929072380066,10.073601722717285,0.6384947299957275
2018-07-28,0.24421946704387665,0.35019591450691223,1.0977171659469604
2018-07-29,-0.29440179467201233,0.0,0.9961706399917603
2018-07-30,-0.8825569152832031,0.0,1.094220519065857
2018-07-31,0.059370677918195724,0.0,1.0644257068634033
2018-08-01,-0.5040143132209778,0.0,0.9959007501602173
2018-08-02,-1.0435575246810913,0.0,0.9596666693687439
2018-08-03,0.978790283203125,0.022113323211669922,1.044671654701233
2018-08-04,0.7627525329589844,0.0,1.2437732219696045
2018-08-05,4.679373264312744,0.0,1.2800679206848145
2018-08-06,5.114778995513916,0.46939030289649963,1.2106094360351562
2018-08-07,3.9504787921905518,25.38557243347168,1.044350266456604
2018-08-08,-0.5454533696174622,0.0,1.3371645212173462
2018-08-09,4.582405090332031,0.0,1.4070698022842407
2018-08-10,5.227336883544922,0.0,1.5087602138519287
2018-08-11,6.431735992431641,0.0,1.555453896522522
2018-08-12,5.410430908203125,0.0,1.4195711612701416
2018-08-13,4.152673244476318,3.3865346908569336,1.1298121213912964
2018-08-14,3.983745574951172,0.0,1.757434606552124
2018-08-15,6.183775424957275,0.0,1.7489439249038696
2018-08-16,5.548760890960693,0.0,1.7886806726455688
2018-08-17,6.302755832672119,0.0,1.524498462677002
2018-08-18,6.115570068359375,2.1393001079559326,0.8689879179000854
2018-08-19,1.9430567026138306,0.004913657903671265,1.334769368171692
2018-08-20,2.180269956588745,0.0,1.5725263357162476
2018-08-21,2.7787601947784424,0.0,1.6496829986572266
2018-08-22,3.1362063884735107,0.0,1.4177931547164917
2018-08-23,2.0518696308135986,20.224645614624023,1.0137572288513184
2018-08-24,-0.41880545020103455,1.7411894798278809,1.408271312713623
2018-08-25,2.1960296630859375,0.0,1.7376981973648071
2018-08-26,5.506402492523193,0.0,2.0973057746887207
2018-08-27,5.211747646331787,0.0,1.623341679573059
2018-08-28,5.017225742340088,0.0,1.7644624710083008
2018-08-29,5.2164154052734375,0.0,1.77906334400177
2018-08-30,5.377166748046875,2.0618996620178223,1.2517859935760498
2018-08-31,2.9315922260284424,2.097532272338867,1.1795324087142944
2018-09-01,3.3358166217803955,0.05897507071495056,1.5928809642791748
2018-09-02,4.904409885406494,0.0,2.116748809814453
2018-09-03,7.229923248291016,0.0,2.463670015335083
2018-09-04,9.185063362121582,0.0,2.5496044158935547
2018-09-05,7.392093658447266,0.7016211748123169,1.7451026439666748
2018-09-06,6.927088260650635,0.020891427993774414,2.230320453643799
2018-09-07,6.882564544677734,0.0,2.2085466384887695
2018-09-08,6.802525997161865,0.0,2.4372940063476562
2018-09-09,6.583322048187256,0.008597970008850098,2.3800418376922607
2018-09-10,6.000425815582275,0.0,2.622220993041992
2018-09-11,7.22783899307251,0.0,2.2821314334869385
2018-09-12,6.68520975112915,0.006143003702163696,2.222930431365967
2018-09-13,5.834916591644287,0.0,2.448014974594116
2018-09-14,6.385214328765869,0.0,2.2722506523132324
2018-09-15,5.8701019287109375,0.24574995040893555,1.7537943124771118
2018-09-16,6.961775302886963,0.04791468381881714,2.3930530548095703
2018-09-17,8.126907348632812,0.4067271947860718,1.8267580270767212
2018-09-18,5.5910325050354,36.58599090576172,1.5307421684265137
2018-09-19,2.81036114692688,0.08600950241088867,1.9587364196777344
2018-09-20,6.172351837158203,0.025797635316848755,1.6543223857879639
2018-09-21,8.072041511535645,0.0,3.1350536346435547
2018-09-22,9.146122932434082,4.510864734649658,1.9463589191436768
2018-09-23,8.951190948486328,1.0088160037994385,2.329793930053711
2018-09-24,8.88322925567627,0.44850632548332214,2.242645740509033
2018-09-25,8.810691833496094,0.38338080048561096,2.75201416015625
2018-09-26,9.47780704498291,0.3710798919200897,2.0239264965057373
2018-09-27,8.657028198242188,8.630990982055664,1.3377412557601929
2018-09-28,7.850508213043213,10.351311683654785,1.7440968751907349
2018-09-29,6.598997592926025,36.764183044433594,1.273716688156128
2018-09-30,4.734071254730225,17.367698669433594,1.0069835186004639
2018-10-01,6.777761936187744,0.6291195750236511,2.2670416831970215
2018-10-02,4.452332973480225,0.043004751205444336,2.565335512161255
2018-10-03,6.155506134033203,0.0,3.231323003768921
2018-10-04,8.919589042663574,0.0,3.6095499992370605
2018-10-05,10.207947731018066,0.014740973711013794,3.236846446990967
2018-10-06,9.50456714630127,0.0,3.415827512741089
2018-10-07,9.490974426269531,0.6979480385780334,2.6099822521209717
2018-10-08,7.933802127838135,12.607380867004395,1.701258659362793
2018-10-09,6.545215606689453,2.595186233520508,2.322373390197754
2018-10-10,6.459085941314697,0.2924427390098572,2.730754852294922
2018-10-11,8.414984703063965,5.447208881378174,2.1021130084991455
2018-10-12,5.874935150146484,2.5288350582122803,2.278822422027588
2018-10-13,7.14379358291626,0.6967112421989441,2.410517454147339
2018-10-14,7.74786901473999,0.35265833139419556,3.2671420574188232
2018-10-15,9.360321998596191,0.5861297249794006,3.1221258640289307
2018-10-16,7.329975128173828,4.257742404937744,2.0664608478546143
2018-10-17,7.3082122802734375,5.300961494445801,2.5666935443878174
2018-10-18,8.82094669342041,0.952303409576416,3.331413507461548
2018-10-19,10.070378303527832,0.04791468381881714,3.2769289016723633
2018-10-20,8.848050117492676,1.6097090244293213,3.1870081424713135
2018-10-21,10.516953468322754,0.6881170272827148,3.425088882446289
2018-10-22,11.657570838928223,0.3551170229911804,3.7021384239196777
2018-10-23,10.073298454284668,1.120641827583313,3.408733367919922
2018-10-24,10.149750709533691,6.130427360534668,2.7947301864624023
2018-10-25,11.563182830810547,0.5431063175201416,2.698389768600464
2018-10-26,12.393718719482422,0.14007464051246643,4.186586380004883
2018-10-27,13.114274024963379,0.38706138730049133,3.1194796562194824
2018-10-28,11.924965858459473,0.8441656827926636,3.5883684158325195
2018-10-29,11.003299713134766,8.828845024108887,2.0736021995544434
2018-10-30,10.836461067199707,9.735685348510742,2.812218427658081
2018-10-31,11.585861206054688,1.9046142101287842,3.3536975383758545
2018-11-01,9.677332878112793,3.8362817764282227,3.004995346069336
2018-11-02,10.28299331665039,26.13758659362793,2.2683258056640625
2018-11-03,12.15442180633545,0.7090047001838684,4.126525402069092
2018-11-04,12.154170036315918,1.7399563789367676,3.8123748302459717
2018-11-05,13.637391090393066,0.0,4.655073165893555
2018-11-06,15.019222259521484,0.03563240170478821,4.8227996826171875
2018-11-07,15.450961112976074,0.0,5.091561794281006
2018-11-08,15.834162712097168,0.25558099150657654,5.080079555511475
2018-11-09,14.778846740722656,0.6107054948806763,4.264932632446289
2018-11-10,12.045279502868652,4.144701957702637,3.440272331237793
2018-11-11,10.873645782470703,3.9824881553649902,3.128211736679077
2018-11-12,8.489104270935059,7.115907669067383,2.3514699935913086
2018-11-13,7.469885349273682,3.0903890132904053,2.5507662296295166
2018-11-14,10.654946327209473,0.0,4.516120433807373
2018-11-15,13.943222999572754,1.1071338653564453,4.4207611083984375
2018-11-16,13.4182710647583,2.2572762966156006,3.917414426803589
2018-11-17,11.07858943939209,3.564692974090576,2.7829360961914062
2018-11-18,13.927382469177246,0.0,5.200293064117432
2018-11-19,15.798893928527832,0.38829073309898376,5.151127338409424
2018-11-20,16.42023277282715,0.0024549663066864014,5.413091659545898
2018-11-21,16.02476692199707,0.983022153377533,4.760510444641113
2018-11-22,15.505986213684082,1.531060814857483,4.584283828735352
2018-11-23,14.868473052978516,2.682436227798462,4.158513069152832
2018-11-24,14.93301010131836,0.9904019832611084,5.145379066467285
2018-11-25,15.492144584655762,0.4091784358024597,4.429843425750732
2018-11-26,14.010510444641113,3.6015734672546387,4.598705768585205
2018-11-27,14.682707786560059,0.009831041097640991,5.257643222808838
2018-11-28,14.592491149902344,0.1425333321094513,4.536331653594971
2018-11-29,13.389006614685059,0.11058896780014038,4.251734256744385
2018-11-30,13.152544975280762,1.0260380506515503,4.388123035430908
2018-12-01,13.02539348602295,1.9083023071289062,4.268006324768066
2018-12-02,14.375542640686035,0.6340481042861938,4.061173439025879
2018-12-03,13.232585906982422,0.6745941638946533,4.426558017730713
2018-12-04,10.964444160461426,1.969736099243164,3.2136383056640625
2018-12-05,11.982911109924316,1.1697895526885986,3.1726410388946533
2018-12-06,13.650650978088379,1.1661089658737183,4.800836086273193
2018-12-07,14.104728698730469,1.0125153064727783,4.901620388031006
2018-12-08,13.318470001220703,2.3494250774383545,3.518427610397339
2018-12-09,14.482436180114746,0.012286007404327393,4.891387939453125
2018-12-10,15.339228630065918,0.5541778802871704,5.369484901428223
2018-12-11,15.10176944732666,1.7215274572372437,3.9724791049957275
2018-12-12,15.390677452087402,0.20765885710716248,5.120258808135986
2018-12-13,12.031856536865234,3.8313567638397217,3.5913591384887695
2018-12-14,12.711387634277344,0.025801360607147217,4.121272087097168
2018-12-15,14.826870918273926,0.0,5.544400691986084
2018-12-16,16.361949920654297,0.0,5.7585649490356445
2018-12-17,15.794642448425293,0.11181831359863281,5.1413421630859375
2018-12-18,15.655815124511719,0.227317214012146,5.145955562591553
2018-12-19,15.038567543029785,3.1026899814605713,4.443927764892578
2018-12-20,14.178269386291504,0.0012293457984924316,4.5724101066589355
2018-12-21,15.09768295288086,0.0,5.7365617752075195
2018-12-22,15.323969841003418,0.33422932028770447,4.883577823638916
2018-12-23,16.401470184326172,0.013515353202819824,5.7473907470703125
2018-12-24,18.029939651489258,0.00860169529914856,5.7840166091918945
2018-12-25,17.770715713500977,0.007372349500656128,5.653890609741211
2018-12-26,16.553468704223633,0.027026981115341187,4.855647087097168
2018-12-27,16.88214874267578,0.0024549663066864014,4.9174299240112305
2018-12-28,16.919506072998047,0.14376267790794373,5.134819507598877
2018-12-29,15.367327690124512,0.8822605013847351,4.036822319030762
2018-12-30,16.3922176361084,0.0,5.828704357147217
2018-12-31,17.27127456665039,0.0,5.682496070861816
